기준_년분기_코드,행정동_코드_명,행정동_코드,월_평균_소득_금액,소득_구간_코드,지출_총금액,식료품_지출_총금액,의류_신발_지출_총금액,생활용품_지출_총금액,의료비_지출_총금액,교통_지출_총금액,교육_지출_총금액,유흥_지출_총금액,여가_문화_지출_총금액,기타_지출_총금액,음식_지출_총금액,인구수
20191,광장동,11215810,5474064,9,3815987000,852180000,112473000,37191000,315077000,417573000,432359000,111250000,274645000,162449000,1100790000,33967
20191,구의1동,11215850,2829119,6,3416072000,660647000,150050000,77338000,360281000,64959000,61145000,365178000,153877000,91099000,1431498000,23124
20191,구의2동,11215860,2819976,6,3982665000,1063047000,96382000,32042000,203177000,44422000,152606000,95130000,1215038000,173439000,907382000,25604
20191,구의3동,11215870,4206253,8,9279050000,1479251000,861094000,977480000,803571000,77866000,797843000,159401000,973793000,860336000,2288415000,27836
20191,군자동,11215730,2745005,6,3805321000,1028656000,35319000,224078000,197063000,173469000,84543000,186604000,160878000,238546000,1476165000,19068
20191,능동,11215780,3000847,7,3922657000,579394000,15895000,259581000,594081000,1007228000,58220000,173337000,197123000,21992000,1015806000,11095
20191,자양1동,11215820,2810489,6,3943969000,1134648000,221939000,34160000,657368000,113827000,191550000,136232000,210465000,162576000,1081204000,21832
20191,자양2동,11215830,3123453,7,2484492000,685459000,34343000,28964000,301921000,88333000,175863000,151180000,153444000,89002000,775983000,23625
20191,자양3동,11215840,4597422,8,3903943000,453946000,465328000,36474000,302753000,296202000,435365000,48097000,274721000,229567000,1361490000,27216
20191,자양4동,11215847,2830773,6,7235026000,1271323000,300009000,32706000,821727000,103849000,101317000,288141000,808673000,314492000,3192789000,19881
20191,중곡1동,11215740,2647649,6,3437417000,1179828000,80239000,238929000,289687000,451177000,34445000,251224000,218608000,124931000,568349000,15237
20191,중곡2동,11215750,2688804,6,2910625000,739669000,82195000,95337000,448642000,90946000,157391000,119483000,253537000,130212000,793213000,20517
20191,중곡3동,11215760,2509314,6,2135755000,494656000,31571000,33828000,450948000,230987000,114003000,128049000,105315000,72462000,473936000,15727
20191,중곡4동,11215770,2642795,6,2787570000,812196000,151972000,30401000,331018000,257585000,148074000,114648000,182806000,109451000,649419000,27590
20191,화양동,11215710,2600804,6,16635598000,1397358000,1081350000,84626000,1909226000,25224000,301480000,2683120000,1231385000,664988000,7256841000,23192
20192,광장동,11215810,5474064,9,4120604000,1049528000,148335000,39130000,300673000,423936000,399656000,95356000,254254000,194006000,1215730000,33967
20192,구의1동,11215850,2829119,6,3789142000,761124000,159112000,85176000,387491000,63007000,67240000,384616000,169369000,122149000,1589858000,23124
20192,구의2동,11215860,2819976,6,3444387000,1138573000,100967000,35539000,211377000,58244000,172293000,81205000,357082000,176474000,1112633000,25604
20192,구의3동,11215870,4206253,8,10938098000,1556392000,1027980000,888186000,845304000,1051695000,799249000,173649000,1250382000,983636000,2361625000,27836
20192,군자동,11215730,2745005,6,4568896000,1261933000,49143000,244083000,228642000,152769000,86924000,209907000,161922000,260640000,1912933000,19068
20192,능동,11215780,3000847,7,4775959000,758225000,31784000,347333000,709268000,1182788000,49857000,197255000,228643000,40884000,1229922000,11095
20192,자양1동,11215820,2810489,6,4295396000,1195456000,247744000,48113000,714759000,122995000,204894000,138316000,236562000,173372000,1213185000,21832
20192,자양2동,11215830,3123453,7,2752168000,786494000,39183000,43678000,311316000,73833000,162167000,186922000,147810000,100742000,900023000,23625
20192,자양3동,11215840,4597422,8,4438841000,606641000,513326000,52001000,329322000,342829000,395913000,64151000,330537000,236897000,1567224000,27216
20192,자양4동,11215847,2830773,6,8023286000,1565516000,286337000,24617000,874786000,125810000,98435000,355306000,898461000,368168000,3425850000,19881
20192,중곡1동,11215740,2647649,6,3764884000,1201138000,103187000,271808000,308629000,526815000,38365000,278757000,301300000,146511000,588374000,15237
20192,중곡2동,11215750,2688804,6,3288077000,781629000,112021000,149009000,526014000,116721000,150862000,130443000,307525000,136642000,877211000,20517
20192,중곡3동,11215760,2509314,6,2325015000,548439000,48220000,41108000,503793000,273566000,84770000,131433000,123210000,63136000,507340000,15727
20192,중곡4동,11215770,2642795,6,3117632000,860965000,193200000,31671000,325188000,302225000,146719000,144392000,238132000,100889000,774251000,27590
20192,화양동,11215710,2600804,6,17683414000,1697575000,1369433000,80162000,2072806000,59204000,383486000,2543667000,1222144000,749730000,7505207000,23192
20193,광장동,11215810,5474064,9,4156347000,1083006000,112744000,72038000,326674000,411609000,462710000,65810000,286368000,180186000,1155202000,33967
20193,구의1동,11215850,2829119,6,3835366000,763354000,100619000,113926000,381118000,71285000,59829000,444016000,179539000,119481000,1602199000,23124
20193,구의2동,11215860,2819976,6,3919392000,1217535000,68442000,42021000,182649000,71087000,187238000,98103000,741668000,167535000,1143114000,25604
20193,구의3동,11215870,4206253,8,12425984000,1727481000,894967000,945782000,945427000,1805209000,877834000,167691000,1267640000,1312854000,2481099000,27836
20193,군자동,11215730,2745005,6,4188701000,1242930000,42099000,196924000,225987000,149442000,72597000,209505000,144859000,270142000,1634216000,19068
20193,능동,11215780,3000847,7,4811567000,706928000,21580000,375420000,710323000,1292768000,45084000,207906000,263801000,52372000,1135385000,11095
20193,자양1동,11215820,2810489,6,4393125000,1342104000,202108000,44296000,668339000,121225000,204497000,140233000,220275000,172033000,1278015000,21832
20193,자양2동,11215830,3123453,7,2832482000,835104000,27117000,36443000,324917000,96795000,169880000,185254000,184849000,105289000,866834000,23625
20193,자양3동,11215840,4597422,8,4495007000,630182000,531904000,61102000,291184000,343371000,417008000,59816000,316366000,230233000,1613841000,27216
20193,자양4동,11215847,2830773,6,8162954000,1723858000,242006000,25471000,940395000,103900000,158020000,375516000,895051000,372077000,3326660000,19881
20193,중곡1동,11215740,2647649,6,4004534000,1308136000,74393000,312121000,347743000,593046000,38032000,299400000,288058000,137634000,605971000,15237
20193,중곡2동,11215750,2688804,6,3293880000,793629000,92996000,142371000,510201000,114012000,187465000,138735000,282952000,136818000,894701000,20517
20193,중곡3동,11215760,2509314,6,2351781000,588590000,41512000,28425000,468935000,268879000,92531000,143571000,138104000,65094000,516140000,15727
20193,중곡4동,11215770,2642795,6,3185737000,972198000,154650000,20652000,328148000,341672000,149762000,153491000,189416000,80606000,795142000,27590
20193,화양동,11215710,2600804,6,17699082000,1747179000,1352643000,78608000,2032795000,85033000,411148000,2746492000,1301611000,735964000,7207609000,23192
20194,광장동,11215810,5284540,9,4173035000,1040304000,234374000,124593000,317869000,327166000,411392000,67668000,246909000,188527000,1214233000,33967
20194,구의1동,11215850,2683701,6,3844517000,722275000,113960000,97229000,408979000,64563000,56983000,399385000,166762000,113193000,1701188000,23124
20194,구의2동,11215860,2948328,6,3511307000,1123478000,106897000,55784000,235599000,103838000,190166000,105762000,318262000,163361000,1108160000,25604
20194,구의3동,11215870,4010979,8,12411650000,1651171000,1048099000,949359000,942344000,1749363000,859248000,157262000,1034501000,1538835000,2481468000,27836
20194,군자동,11215730,2604535,6,4672644000,1253520000,51130000,226883000,317878000,139415000,73683000,199674000,159121000,283035000,1968305000,19068
20194,능동,11215780,2846023,6,4669214000,621774000,27523000,377683000,741918000,1209804000,48740000,208557000,218695000,48698000,1165822000,11095
20194,자양1동,11215820,2745988,6,4476691000,1238514000,324554000,37079000,712608000,147401000,196110000,126533000,236667000,166540000,1290685000,21832
20194,자양2동,11215830,2999213,7,2801665000,767457000,61358000,33952000,380324000,96811000,153318000,163621000,187572000,116612000,840640000,23625
20194,자양3동,11215840,4353416,8,4428789000,557035000,504998000,46710000,336967000,341313000,404655000,52927000,349893000,247618000,1586673000,27216
20194,자양4동,11215847,2795134,6,7815177000,1500942000,339157000,31770000,915164000,16028000,111835000,345695000,909085000,352670000,3292831000,19881
20194,중곡1동,11215740,2542359,6,3987243000,1253147000,110962000,324749000,399281000,517295000,29716000,276788000,277344000,148318000,649643000,15237
20194,중곡2동,11215750,2555101,6,3450981000,757585000,129539000,139960000,614732000,116853000,149273000,150984000,303229000,153790000,935036000,20517
20194,중곡3동,11215760,2390961,5,2669134000,528462000,39102000,33751000,438062000,700705000,80611000,135293000,131908000,69092000,512148000,15727
20194,중곡4동,11215770,2523958,6,3156363000,890746000,184360000,23748000,333043000,308093000,136752000,160486000,237826000,86221000,795088000,27590
20194,화양동,11215710,2470026,6,18172029000,1731314000,1257611000,75575000,2084732000,47602000,421746000,2745423000,1319938000,698539000,7789549000,23192
20201,광장동,11215810,5284540,9,3478064000,971360000,79789000,19037000,295562000,260886000,368738000,57199000,262850000,172810000,989833000,33967
20201,구의1동,11215850,2683701,6,3600502000,774863000,94923000,89616000,377501000,43675000,46934000,373321000,167045000,111398000,1521226000,23124
20201,구의2동,11215860,2948328,6,3495485000,1255167000,74730000,48457000,252967000,48909000,144343000,97255000,398230000,155977000,1019450000,25604
20201,구의3동,11215870,4010979,8,9855878000,1750745000,553712000,868224000,892841000,1077736000,698900000,141904000,763897000,1158307000,1949612000,27836
20201,군자동,11215730,2604535,6,3979598000,1193696000,27163000,167737000,470486000,120826000,74326000,175184000,151898000,234403000,1363879000,19068
20201,능동,11215780,2846023,6,4266864000,593181000,15987000,306492000,789855000,1101796000,63497000,198080000,166403000,54618000,976955000,11095
20201,자양1동,11215820,2745988,6,4222584000,1380407000,225103000,39511000,697691000,116484000,162641000,102653000,138500000,175159000,1184435000,21832
20201,자양2동,11215830,2999213,7,2706127000,811233000,44806000,37856000,393607000,74981000,161001000,154849000,214286000,103976000,709532000,23625
20201,자양3동,11215840,4353416,8,3641520000,510203000,365812000,38198000,302378000,323239000,358244000,38927000,253629000,207561000,1243329000,27216
20201,자양4동,11215847,2795134,6,6289200000,1468905000,211601000,20232000,850107000,23016000,103055000,268613000,720160000,278431000,2345080000,19881
20201,중곡1동,11215740,2542359,6,3761761000,1358198000,64430000,299481000,345175000,520960000,31721000,244000000,213897000,124365000,559534000,15237
20201,중곡2동,11215750,2555101,6,3128743000,809623000,92300000,100950000,588630000,107774000,130701000,149103000,233295000,123084000,793283000,20517
20201,중곡3동,11215760,2390961,5,2310412000,510027000,24516000,30116000,377673000,519471000,93202000,123210000,120055000,59105000,453037000,15727
20201,중곡4동,11215770,2523958,6,2918126000,956057000,124418000,19306000,304917000,241823000,135037000,124626000,212935000,73482000,725525000,27590
20201,화양동,11215710,2470026,6,14826214000,1480765000,880913000,71508000,1910774000,49269000,294936000,2373244000,1039853000,589073000,6135879000,23192
20202,광장동,11215810,5284540,9,3647892000,1003055000,125615000,54802000,317358000,240492000,368635000,65981000,261703000,179335000,1030916000,33967
20202,구의1동,11215850,2683701,6,3886415000,812784000,112370000,115604000,377481000,70857000,53667000,415419000,190374000,125771000,1612088000,23124
20202,구의2동,11215860,2948328,6,3715859000,1274912000,91094000,52468000,243331000,112813000,174464000,105936000,294926000,164045000,1201870000,25604
20202,구의3동,11215870,4010979,8,10069445000,1736441000,728792000,1109612000,890068000,894055000,718020000,134188000,752412000,1165843000,1940014000,27836
20202,군자동,11215730,2604535,6,4232060000,1189733000,37987000,253210000,487907000,144860000,79120000,155348000,193302000,264633000,1425960000,19068
20202,능동,11215780,2846023,6,4660208000,671852000,23238000,411792000,834396000,1004985000,58564000,242856000,178700000,69308000,1164517000,11095
20202,자양1동,11215820,2745988,6,4537716000,1412354000,258313000,50201000,715656000,118149000,177576000,109747000,160189000,190227000,1345304000,21832
20202,자양2동,11215830,2999213,7,3175608000,882654000,50501000,52732000,422536000,176558000,151573000,178227000,272320000,134363000,854144000,23625
20202,자양3동,11215840,4353416,8,3958027000,588507000,438007000,50871000,306836000,310982000,341488000,40230000,353540000,211897000,1315669000,27216
20202,자양4동,11215847,2795134,6,6840665000,1789130000,205199000,40175000,923109000,46844000,111521000,287169000,685308000,310168000,2442042000,19881
20202,중곡1동,11215740,2542359,6,4066320000,1453583000,96476000,267786000,397675000,491286000,29176000,260588000,257373000,139379000,672998000,15237
20202,중곡2동,11215750,2555101,6,3471257000,869221000,106697000,183838000,603777000,125389000,140504000,148911000,288103000,139474000,865343000,20517
20202,중곡3동,11215760,2390961,5,2381853000,534156000,35088000,62355000,397329000,460758000,87117000,130531000,130030000,67082000,477407000,15727
20202,중곡4동,11215770,2523958,6,3024904000,981405000,133039000,35122000,344128000,191195000,117826000,130660000,206201000,85377000,799951000,27590
20202,화양동,11215710,2470026,6,14999278000,1620856000,1163596000,61578000,2083923000,122115000,271038000,2115810000,918731000,659300000,5982331000,23192
20203,광장동,11215810,5284540,9,3454529000,1054110000,64682000,54257000,239895000,283988000,343672000,52926000,241126000,165437000,954436000,33967
20203,구의1동,11215850,2683701,6,3604584000,863507000,65522000,82584000,376373000,86446000,53084000,322060000,143407000,113679000,1497922000,23124
20203,구의2동,11215860,2948328,6,3614571000,1326040000,78081000,43250000,324793000,99460000,161549000,96258000,312818000,143804000,1028518000,25604
20203,구의3동,11215870,4010979,8,9749011000,1904919000,526394000,906836000,1051538000,903324000,669757000,83230000,806347000,1072481000,1824185000,27836
20203,군자동,11215730,2604535,6,4220106000,1337226000,38373000,237428000,542432000,202322000,73131000,150188000,127934000,253201000,1257871000,19068
20203,능동,11215780,2846023,6,4663427000,706231000,20569000,396822000,878805000,1112034000,64931000,181686000,186441000,62718000,1053190000,11095
20203,자양1동,11215820,2745988,6,4244212000,1507481000,146930000,31983000,686218000,104316000,138173000,85620000,131052000,160200000,1252239000,21832
20203,자양2동,11215830,2999213,7,3176323000,960711000,37629000,40222000,425298000,305622000,150696000,164494000,210323000,136979000,744349000,23625
20203,자양3동,11215840,4353416,8,3573430000,626614000,344509000,35170000,308994000,307776000,354219000,20645000,226364000,182828000,1166311000,27216
20203,자양4동,11215847,2795134,6,6250513000,1708565000,153454000,28635000,750212000,21268000,132356000,231293000,619733000,309131000,2295866000,19881
20203,중곡1동,11215740,2542359,6,4084490000,1553324000,93704000,266119000,335564000,530455000,26219000,240273000,203675000,150617000,684540000,15237
20203,중곡2동,11215750,2555101,6,3237756000,904132000,82481000,145756000,609673000,134689000,123756000,105359000,226633000,125567000,779710000,20517
20203,중곡3동,11215760,2390961,5,2394555000,569727000,26261000,56299000,401049000,530259000,88848000,105967000,100129000,73606000,442410000,15727
20203,중곡4동,11215770,2523958,6,2873354000,1064152000,91777000,24093000,304442000,200128000,112065000,108986000,162937000,90582000,714192000,27590
20203,화양동,11215710,2470026,6,13587007000,1609767000,1024946000,59161000,2007359000,175485000,176467000,1752277000,838192000,634610000,5308743000,23192
20204,광장동,11215810,5284540,9,3608776000,1069783000,149070000,96679000,268659000,295825000,364610000,48575000,235346000,157362000,922867000,33967
20204,구의1동,11215850,2683701,6,3483769000,842619000,82612000,128768000,400618000,70920000,46666000,271585000,154213000,105479000,1380289000,23124
20204,구의2동,11215860,2948328,6,3461431000,1298962000,84713000,51963000,382915000,71016000,169270000,76732000,182764000,154387000,988709000,25604
20204,구의3동,11215870,4010979,8,9511598000,1838830000,581427000,843686000,1043167000,848764000,655831000,76187000,751726000,1156866000,1715114000,27836
20204,군자동,11215730,2604535,6,4046044000,1318333000,43752000,175340000,534543000,153848000,65560000,136855000,131038000,236883000,1249892000,19068
20204,능동,11215780,2846023,6,4377792000,638508000,20071000,357362000,833907000,1069345000,73610000,166894000,198650000,69172000,950273000,11095
20204,자양1동,11215820,2745988,6,4375084000,1536780000,254387000,39969000,740038000,115822000,118397000,84472000,162931000,144426000,1177862000,21832
20204,자양2동,11215830,2999213,7,2932351000,895010000,39502000,42851000,407127000,273691000,159372000,117455000,193567000,113203000,690573000,23625
20204,자양3동,11215840,4353416,8,3350898000,583326000,352610000,43344000,282030000,308984000,343517000,17525000,196596000,162172000,1060794000,27216
20204,자양4동,11215847,2795134,6,5853357000,1545850000,248115000,21884000,695451000,15690000,96936000,192924000,621400000,286962000,2128145000,19881
20204,중곡1동,11215740,2542359,6,4128857000,1605814000,158527000,168778000,325162000,564559000,23797000,209045000,246126000,159054000,667995000,15237
20204,중곡2동,11215750,2555101,6,3191633000,902080000,114883000,117726000,587737000,116490000,125205000,91659000,229093000,121103000,785657000,20517
20204,중곡3동,11215760,2390961,5,2335639000,583780000,28572000,60923000,381818000,501902000,87511000,91619000,102201000,71482000,425831000,15727
20204,중곡4동,11215770,2523958,6,2881064000,1057386000,111966000,27582000,303388000,167116000,113358000,104785000,205630000,74745000,715108000,27590
20204,화양동,11215710,2470026,6,12726463000,1527249000,987780000,52999000,2047383000,129360000,146249000,1531180000,722508000,550931000,5030824000,23192
20211,광장동,11215810,5284540,9,3196961000,1003598000,34132000,31467000,236223000,256626000,405823000,41546000,221673000,138446000,827427000,33967
20211,구의1동,11215850,2683701,6,3159326000,820337000,67681000,115085000,354979000,63390000,47358000,169152000,174129000,103295000,1243920000,23124
20211,구의2동,11215860,2948328,6,3678779000,1329041000,90246000,66821000,315121000,70830000,195109000,62275000,467934000,151220000,930182000,25604
20211,구의3동,11215870,4010979,8,8815918000,1836626000,451068000,856189000,951041000,700235000,713615000,51655000,675578000,1038317000,1541594000,27836
20211,군자동,11215730,2604535,6,3858896000,1314702000,39659000,150671000,555685000,163420000,75584000,108633000,107036000,240153000,1103353000,19068
20211,능동,11215780,2846023,6,4434182000,676836000,24089000,341242000,957953000,1145675000,48688000,93844000,172205000,77933000,895717000,11095
20211,자양1동,11215820,2745988,6,4105999000,1489948000,184461000,25395000,715153000,116545000,121997000,59936000,155502000,189207000,1047855000,21832
20211,자양2동,11215830,2999213,7,2807628000,882018000,30058000,35875000,402850000,291392000,168076000,82690000,200654000,97420000,616595000,23625
20211,자양3동,11215840,4353416,8,3263911000,576704000,311920000,30883000,306046000,341142000,337365000,12627000,178873000,159797000,1008554000,27216
20211,자양4동,11215847,2795134,6,5523624000,1531074000,175951000,43003000,710266000,20340000,126522000,131910000,610714000,296797000,1877047000,19881
20211,중곡1동,11215740,2542359,6,3779988000,1561696000,124768000,139166000,356058000,495328000,27436000,128209000,188253000,144470000,614604000,15237
20211,중곡2동,11215750,2555101,6,2952584000,863464000,95825000,69467000,563942000,116791000,125668000,71231000,229420000,112656000,704120000,20517
20211,중곡3동,11215760,2390961,5,2253036000,603943000,24709000,71240000,405712000,469452000,95234000,57688000,101362000,63284000,360412000,15727
20211,중곡4동,11215770,2523958,6,2799681000,1057427000,78138000,30527000,311700000,183515000,111309000,77042000,175685000,91469000,682869000,27590
20211,화양동,11215710,2470026,6,10795813000,1416612000,755260000,42514000,2195126000,130362000,146617000,867196000,661887000,502290000,4077949000,23192
20212,광장동,11215810,5284540,9,3693079000,1144094000,54478000,48122000,270480000,271981000,422543000,46594000,243782000,171510000,1019495000,33967
20212,구의1동,11215850,2683701,6,3566774000,886456000,77081000,90809000,414604000,81107000,55821000,235229000,181083000,124138000,1420446000,23124
20212,구의2동,11215860,2948328,6,3818939000,1369150000,117096000,43452000,371415000,98691000,217621000,71181000,237529000,174113000,1118691000,25604
20212,구의3동,11215870,4010979,8,10130481000,1916619000,603493000,757056000,1062209000,877795000,739929000,65251000,935062000,1363287000,1809780000,27836
20212,군자동,11215730,2604535,6,4844718000,1424546000,52117000,205608000,1046966000,175482000,73113000,125282000,171482000,271404000,1298718000,19068
20212,능동,11215780,2846023,6,5344056000,778705000,49252000,380532000,1063240000,1154002000,54462000,138472000,523792000,70488000,1131111000,11095
20212,자양1동,11215820,2745988,6,4473493000,1549436000,222304000,30301000,759597000,123480000,145904000,61807000,199085000,167454000,1214125000,21832
20212,자양2동,11215830,2999213,7,3270518000,976385000,34443000,40940000,430417000,367044000,180688000,112298000,259756000,130875000,737672000,23625
20212,자양3동,11215840,4353416,8,4330178000,1109135000,431310000,27810000,336799000,335293000,390726000,9971000,254947000,186829000,1247358000,27216
20212,자양4동,11215847,2795134,6,6605057000,1947557000,198876000,18931000,774057000,29598000,118305000,176332000,720759000,341417000,2279225000,19881
20212,중곡1동,11215740,2542359,6,4119166000,1553691000,183891000,115864000,371736000,610369000,36962000,169953000,191865000,173841000,710994000,15237
20212,중곡2동,11215750,2555101,6,3378393000,879056000,116369000,99870000,611935000,118744000,133222000,76530000,331776000,135308000,875583000,20517
20212,중곡3동,11215760,2390961,5,2438959000,643710000,37807000,79282000,398134000,511852000,88452000,62751000,117036000,79234000,420701000,15727
20212,중곡4동,11215770,2523958,6,3063253000,1090085000,127273000,27116000,342610000,196006000,96875000,86232000,227189000,88479000,781388000,27590
20212,화양동,11215710,2470026,6,13648132000,1653516000,1117406000,45865000,2448780000,134342000,183420000,1336321000,802904000,590772000,5334806000,23192
20213,광장동,11215810,5284540,9,3680149000,1232106000,26764000,51839000,282173000,287475000,451383000,71372000,202084000,178133000,896820000,33967
20213,구의1동,11215850,2683701,6,3384035000,958433000,60526000,101707000,385776000,87423000,55072000,168461000,173562000,110321000,1282754000,23124
20213,구의2동,11215860,2948328,6,3821957000,1455384000,112438000,37565000,373258000,65292000,202091000,56893000,288624000,171497000,1058915000,25604
20213,구의3동,11215870,4010979,8,9901139000,2098935000,487314000,887125000,1134274000,809153000,793002000,49443000,900374000,1105577000,1635942000,27836
20213,군자동,11215730,2604535,6,5084456000,1485084000,44853000,193350000,1445749000,182828000,72428000,106481000,136616000,300227000,1116840000,19068
20213,능동,11215780,2846023,6,5057962000,784238000,35954000,367072000,1028239000,1148337000,48158000,73530000,414454000,70425000,1087555000,11095
20213,자양1동,11215820,2745988,6,4536623000,1744282000,145365000,29302000,755100000,118211000,154913000,61042000,177304000,167418000,1183686000,21832
20213,자양2동,11215830,2999213,7,3208993000,1030430000,28948000,49713000,462295000,416000000,170745000,83302000,194203000,128085000,645272000,23625
20213,자양3동,11215840,4353416,8,4227959000,1196364000,352362000,25203000,357608000,361630000,385131000,9352000,245007000,161334000,1133968000,27216
20213,자양4동,11215847,2795134,6,6153881000,1904634000,157400000,21293000,742890000,44206000,127212000,133795000,649784000,366355000,2006312000,19881
20213,중곡1동,11215740,2542359,6,4047639000,1665527000,115351000,92808000,374094000,580654000,34764000,171142000,166326000,174273000,672700000,15237
20213,중곡2동,11215750,2555101,6,3392044000,951985000,99418000,150437000,628426000,125065000,151947000,69080000,250282000,141696000,823708000,20517
20213,중곡3동,11215760,2390961,5,2488001000,707840000,31228000,68350000,412300000,541789000,90635000,56458000,94415000,75936000,409050000,15727
20213,중곡4동,11215770,2523958,6,3024716000,1222318000,98540000,22469000,322575000,208461000,101775000,67578000,175019000,79017000,726964000,27590
20213,화양동,11215710,2470026,6,12568417000,1576435000,1060538000,49548000,2396459000,684521000,190035000,811008000,758978000,585542000,4455353000,23192
20214,광장동,11215810,5284540,9,3812186000,1145481000,36428000,81569000,264262000,284798000,427368000,88228000,244216000,174238000,1065598000,33967
20214,구의1동,11215850,2683701,6,3956392000,932733000,75030000,183990000,441110000,79422000,45804000,309537000,180087000,120172000,1588507000,23124
20214,구의2동,11215860,2948328,6,3750436000,1261267000,128135000,52809000,403715000,91707000,182618000,76793000,216503000,173575000,1163314000,25604
20214,구의3동,11215870,4010979,8,10434173000,1905745000,658012000,797890000,1209267000,931631000,737281000,84480000,943106000,1263980000,1902781000,27836
20214,군자동,11215730,2604535,6,5594531000,1414541000,41482000,191965000,1730321000,192454000,87558000,152184000,155535000,286719000,1341772000,19068
20214,능동,11215780,2846023,6,5476542000,738894000,50011000,316107000,1090136000,1226934000,74968000,139323000,438866000,81624000,1319679000,11095
20214,자양1동,11215820,2745988,6,4818614000,1591998000,264418000,38403000,831948000,130707000,152960000,94091000,210158000,206835000,1297096000,21832
20214,자양2동,11215830,2999213,7,3189079000,952173000,40833000,50792000,491538000,388801000,144717000,101894000,199303000,114440000,704588000,23625
20214,자양3동,11215840,4353416,8,4378871000,1039588000,400062000,31262000,362442000,337030000,393763000,15829000,374341000,166958000,1257596000,27216
20214,자양4동,11215847,2795134,6,6640782000,1757362000,280957000,74645000,733080000,24842000,113508000,170587000,607401000,401902000,2476498000,19881
20214,중곡1동,11215740,2542359,6,4143275000,1553907000,148446000,128902000,394244000,550233000,45504000,181697000,150920000,195461000,793961000,15237
20214,중곡2동,11215750,2555101,6,3574794000,908228000,122211000,98232000,632425000,123922000,143591000,105470000,334513000,119485000,986717000,20517
20214,중곡3동,11215760,2390961,5,2528690000,640297000,45698000,52810000,431802000,549844000,77962000,81079000,112062000,91382000,445754000,15727
20214,중곡4동,11215770,2523958,6,3138179000,1067979000,142634000,33461000,327252000,210430000,103878000,122428000,223623000,88327000,818167000,27590
20214,화양동,11215710,2470026,6,15826250000,1693273000,1071869000,40792000,2402709000,777715000,191002000,1612530000,864132000,567321000,6604907000,23192
20221,광장동,11215810,5284540,9,3526626000,1106739000,31929000,25511000,295006000,244280000,398100000,46564000,249684000,165705000,963108000,33967
20221,구의1동,11215850,2683701,6,3537475000,922972000,69310000,141774000,403353000,66347000,49022000,198694000,175117000,117818000,1393068000,23124
20221,구의2동,11215860,2948328,6,3943990000,1367850000,78398000,24753000,373081000,61053000,205617000,57151000,568767000,170404000,1036916000,25604
20221,구의3동,11215870,4010979,8,9009821000,1839730000,458004000,714701000,1050069000,765615000,661525000,60934000,786628000,1025618000,1646997000,27836
20221,군자동,11215730,2604535,6,5072874000,1430363000,35263000,171228000,1450681000,180173000,79194000,117220000,141564000,267511000,1199677000,19068
20221,능동,11215780,2846023,6,5149408000,719757000,38422000,340630000,1078994000,1274662000,50905000,104488000,370137000,56192000,1115221000,11095
20221,자양1동,11215820,2745988,6,4542027000,1643235000,186565000,37954000,792283000,116297000,174731000,63554000,192352000,216797000,1118259000,21832
20221,자양2동,11215830,2999213,7,3033099000,982930000,23915000,40815000,441597000,340960000,152747000,70337000,236469000,116446000,626883000,23625
20221,자양3동,11215840,4353416,8,3962324000,990015000,316014000,15018000,377372000,298404000,367688000,19061000,314094000,167563000,1097095000,27216
20221,자양4동,11215847,2795134,6,5987117000,1720428000,194084000,27855000,772300000,26450000,79255000,127456000,519351000,334059000,2185879000,19881
20221,중곡1동,11215740,2542359,6,3888581000,1551924000,146368000,108401000,373244000,492566000,31651000,151910000,183061000,153847000,695609000,15237
20221,중곡2동,11215750,2555101,6,3362595000,909898000,73685000,65710000,648190000,105871000,149249000,74904000,316674000,115433000,902981000,20517
20221,중곡3동,11215760,2390961,5,2320364000,644774000,27515000,64216000,332548000,467310000,105090000,70763000,113287000,100220000,394641000,15727
20221,중곡4동,11215770,2523958,6,3019579000,1148487000,98106000,24241000,335264000,175651000,103851000,93335000,218138000,87808000,734698000,27590
20221,화양동,11215710,2470026,6,14542064000,1688742000,839221000,45584000,2427643000,795808000,197982000,1335374000,888800000,526076000,5796834000,23192
20222,광장동,11215810,5284540,9,4557120000,1281925000,64618000,43703000,320962000,575500000,420371000,62117000,272213000,189993000,1325718000,33967
20222,구의1동,11215850,2683701,6,4395696000,999843000,110657000,121527000,426225000,87292000,44017000,414324000,197561000,136844000,1857406000,23124
20222,구의2동,11215860,2948328,6,4354773000,1460674000,111052000,25705000,479977000,81787000,196606000,122758000,290703000,207057000,1378454000,25604
20222,구의3동,11215870,4010979,8,12470126000,1868028000,678987000,629678000,1247595000,1023873000,687128000,124313000,1113518000,2897110000,2199896000,27836
20222,군자동,11215730,2604535,6,5586370000,1507179000,41656000,192534000,1152304000,179189000,81606000,226501000,209933000,316482000,1678986000,19068
20222,능동,11215780,2846023,6,7063629000,889680000,55717000,375795000,1188226000,1707009000,54061000,227306000,706749000,64385000,1794701000,11095
20222,자양1동,11215820,2745988,6,5152553000,1636081000,259354000,39722000,832463000,108949000,179802000,123143000,247826000,263566000,1461647000,21832
20222,자양2동,11215830,2999213,7,3543456000,1032634000,45781000,28589000,369427000,501072000,150823000,167880000,273905000,128440000,844905000,23625
20222,자양3동,11215840,4353416,8,4888986000,1175757000,486016000,25490000,430954000,355211000,401347000,18593000,346738000,169630000,1479250000,27216
20222,자양4동,11215847,2795134,6,7849912000,2195464000,189797000,23790000,901018000,44653000,80968000,271160000,674519000,386063000,3082480000,19881
20222,중곡1동,11215740,2542359,6,4489027000,1529762000,161338000,155971000,452956000,534294000,45086000,279928000,229432000,140383000,959877000,15237
20222,중곡2동,11215750,2555101,6,3924721000,925081000,120757000,84062000,661534000,118285000,153902000,135318000,404749000,125592000,1195441000,20517
20222,중곡3동,11215760,2390961,5,2662425000,641498000,44436000,95133000,390292000,575153000,103009000,118410000,117074000,102635000,474785000,15727
20222,중곡4동,11215770,2523958,6,3499490000,1158155000,140653000,21843000,358691000,225888000,99412000,168653000,266164000,91266000,968765000,27590
20222,화양동,11215710,2470026,6,20882892000,2499769000,1279915000,40681000,2740404000,1124296000,201643000,2606200000,1133684000,609923000,8646377000,23192
20223,광장동,11215810,5284540,9,5049101000,1685990000,60592000,63987000,367293000,551280000,462184000,63487000,289481000,186084000,1318723000,33967
20223,구의1동,11215850,2683701,6,4545683000,1020756000,92986000,159348000,438546000,91377000,50567000,458956000,212722000,126360000,1894065000,23124
20223,구의2동,11215860,2948328,6,4536353000,1530921000,88765000,24379000,501570000,63855000,220570000,124079000,495568000,213402000,1273244000,25604
20223,구의3동,11215870,4010979,8,13705323000,2051017000,554135000,675731000,1256397000,983848000,762704000,144239000,1819631000,3137084000,2320537000,27836
20223,군자동,11215730,2604535,6,5949765000,1584541000,38170000,218564000,1338677000,209962000,89574000,223184000,218807000,341459000,1686827000,19068
20223,능동,11215780,2846023,6,6631422000,835009000,54425000,382157000,1157898000,1676615000,56190000,205278000,558719000,65217000,1639914000,11095
20223,자양1동,11215820,2745988,6,5181895000,1736786000,200252000,34050000,839344000,154711000,189408000,132457000,243354000,233857000,1417676000,21832
20223,자양2동,11215830,2999213,7,3572948000,1063274000,46098000,41983000,384912000,477627000,163908000,163622000,267920000,115926000,847678000,23625
20223,자양3동,11215840,4353416,8,4817306000,1183199000,382126000,23576000,394116000,350156000,437574000,21278000,332991000,187333000,1504957000,27216
20223,자양4동,11215847,2795134,6,7799338000,2159852000,175934000,26322000,871183000,42087000,107412000,278677000,644458000,393920000,3099493000,19881
20223,중곡1동,11215740,2542359,6,4502119000,1620684000,117689000,115115000,425649000,473208000,46715000,279043000,203468000,243305000,977243000,15237
20223,중곡2동,11215750,2555101,6,3856516000,956250000,76450000,72194000,672389000,115459000,169346000,124804000,354454000,123936000,1191234000,20517
20223,중곡3동,11215760,2390961,5,2795557000,674500000,28862000,86001000,420927000,676459000,98616000,127857000,109032000,106083000,467220000,15727
20223,중곡4동,11215770,2523958,6,3447104000,1213717000,82630000,38781000,337463000,266864000,99584000,178826000,240140000,81699000,907400000,27590
20223,화양동,11215710,2470026,6,20366144000,2332052000,1110366000,47614000,2924734000,1272698000,213971000,2456231000,1205715000,580792000,8221971000,23192
20224,광장동,11215810,5284540,9,5107067000,1800789000,57006000,69616000,371116000,402537000,426778000,90673000,283241000,183791000,1421520000,33967
20224,구의1동,11215850,2683701,6,4600693000,945874000,95745000,149273000,491210000,89403000,55387000,406290000,194545000,122953000,2050013000,23124
20224,구의2동,11215860,2948328,6,4395955000,1479830000,138394000,54219000,508751000,78193000,225947000,112904000,234982000,210586000,1352149000,25604
20224,구의3동,11215870,4010979,8,12189621000,1928707000,655416000,734896000,1157819000,990340000,717033000,150257000,1044562000,2446038000,2364553000,27836
20224,군자동,11215730,2604535,6,6706345000,1634734000,45983000,183186000,1711944000,240598000,104245000,220530000,225812000,321553000,2017760000,19068
20224,능동,11215780,2846023,6,6281726000,759333000,54112000,331198000,1142356000,1494087000,66344000,227383000,425933000,56515000,1724465000,11095
20224,자양1동,11215820,2745988,6,5296706000,1623664000,281321000,40106000,875646000,123271000,184131000,137855000,239883000,283799000,1507030000,21832
20224,자양2동,11215830,2999213,7,3242492000,987560000,33053000,32845000,492940000,173263000,145437000,148022000,219864000,127819000,881689000,23625
20224,자양3동,11215840,4353416,8,4704337000,1045860000,455866000,25752000,418221000,327280000,440055000,21531000,319207000,192433000,1458132000,27216
20224,자양4동,11215847,2795134,6,7437983000,1950321000,201739000,23247000,813495000,30984000,92739000,276712000,549312000,376929000,3122505000,19881
20224,중곡1동,11215740,2542359,6,4548741000,1524890000,141071000,104047000,465114000,460898000,49455000,255939000,179299000,341245000,1026783000,15237
20224,중곡2동,11215750,2555101,6,3794462000,884055000,108242000,58671000,698889000,104454000,152529000,121012000,362088000,119721000,1184801000,20517
20224,중곡3동,11215760,2390961,5,2631742000,622250000,35936000,95411000,388020000,587108000,87340000,114429000,119050000,112177000,470021000,15727
20224,중곡4동,11215770,2523958,6,3516153000,1104820000,150926000,39080000,358797000,234473000,100196000,177334000,270556000,95097000,984874000,27590
20224,화양동,11215710,2470026,6,20101419000,2354624000,978333000,46906000,2789790000,1114886000,163613000,2196340000,1098306000,544962000,8813659000,23192
20231,광장동,11215810,5284540,9,4883953000,1771584000,70548000,15486000,351079000,301921000,469371000,50667000,324579000,192213000,1336505000,33967
20231,구의1동,11215850,2683701,6,4645847000,965141000,94194000,139740000,518673000,81068000,59618000,368389000,206415000,129768000,2082841000,23124
20231,구의2동,11215860,2948328,6,4794312000,1563582000,126029000,44615000,481439000,65326000,183053000,117988000,618430000,235953000,1357897000,25604
20231,구의3동,11215870,4010979,8,11755666000,1934756000,523568000,752959000,1133911000,799195000,724129000,140892000,933116000,2520220000,2292920000,27836
20231,군자동,11215730,2604535,6,5965757000,1505780000,42166000,168341000,1214149000,173011000,112633000,216284000,342788000,314239000,1876366000,19068
20231,능동,11215780,2846023,6,6230044000,736718000,48014000,359989000,1116744000,1425206000,59173000,244061000,435912000,55181000,1749046000,11095
20231,자양1동,11215820,2745988,6,5293582000,1759419000,228583000,41457000,900624000,99909000,192404000,126038000,270803000,216891000,1457454000,21832
20231,자양2동,11215830,2999213,7,3642193000,996438000,24414000,74500000,408633000,531209000,183426000,158802000,266484000,146356000,851931000,23625
20231,자양3동,11215840,4353416,8,4856193000,1142070000,481668000,17880000,499873000,266810000,443025000,19014000,336707000,187047000,1462099000,27216
20231,자양4동,11215847,2795134,6,7780537000,2017992000,185759000,20605000,896190000,31695000,114480000,285081000,626776000,363010000,3238949000,19881
20231,중곡1동,11215740,2542359,6,4339506000,1536873000,68347000,97160000,517022000,379483000,50717000,252413000,180292000,246112000,1011087000,15237
20231,중곡2동,11215750,2555101,6,3686317000,867717000,84436000,78680000,636567000,103835000,165741000,115018000,341814000,130397000,1162112000,20517
20231,중곡3동,11215760,2390961,5,2674767000,636370000,27070000,111040000,389820000,556205000,98225000,97257000,129536000,137845000,491399000,15727
20231,중곡4동,11215770,2523958,6,3398532000,1123729000,114638000,41277000,317656000,180296000,91593000,153949000,249580000,93695000,1032119000,27590
20231,화양동,11215710,2470026,6,20832387000,2332615000,864820000,52544000,2965539000,960861000,211326000,2351891000,1224070000,667885000,9200836000,23192
20232,광장동,11215810,5284540,9,5317720000,2007497000,83088000,22612000,403269000,294995000,488887000,76315000,346579000,196481000,1397997000,33967
20232,구의1동,11215850,2683701,6,4787850000,1016179000,102639000,103630000,597550000,92353000,59868000,360677000,209613000,127354000,2117987000,23124
20232,구의2동,11215860,2948328,6,4685204000,1617423000,122238000,28806000,527376000,60827000,168558000,144332000,284721000,246287000,1484636000,25604
20232,구의3동,11215870,4010979,8,12254423000,2069536000,618283000,695244000,1246937000,804902000,804198000,128266000,1419942000,2122173000,2344942000,27836
20232,군자동,11215730,2604535,6,7110321000,1757309000,66551000,238283000,1610957000,202905000,123674000,201679000,391702000,344486000,2172775000,19068
20232,능동,11215780,2846023,6,6737208000,919927000,54716000,362728000,1096595000,1392311000,71147000,236342000,570896000,76646000,1955900000,11095
20232,자양1동,11215820,2745988,6,6034161000,1991909000,289590000,43008000,1143310000,113062000,188789000,129199000,257158000,272767000,1605369000,21832
20232,자양2동,11215830,2999213,7,3930474000,1076018000,51656000,45069000,485834000,566290000,196814000,183044000,271746000,127233000,926770000,23625
20232,자양3동,11215840,4353416,8,5478407000,1489014000,575865000,23815000,554053000,293604000,419743000,27473000,374762000,168005000,1552073000,27216
20232,자양4동,11215847,2795134,6,8130117000,2192357000,236859000,34097000,912933000,23641000,96552000,290463000,623350000,424816000,3295049000,19881
20232,중곡1동,11215740,2542359,6,4597904000,1664390000,109976000,116773000,548360000,379817000,49618000,277220000,205054000,187335000,1059361000,15237
20232,중곡2동,11215750,2555101,6,3882812000,889080000,100905000,130500000,640745000,97215000,187185000,115403000,383511000,132488000,1205780000,20517
20232,중곡3동,11215760,2390961,5,2642671000,653192000,34726000,80474000,384232000,516181000,92400000,96741000,138981000,133007000,512737000,15727
20232,중곡4동,11215770,2523958,6,3701130000,1182791000,149554000,50399000,363302000,206815000,86883000,128071000,282865000,108252000,1142198000,27590
20232,화양동,11215710,2470026,6,21392332000,2739965000,1004146000,26007000,2841222000,992515000,186917000,2289808000,1181078000,795164000,9335510000,23192
20233,광장동,11215810,5284540,9,5035576000,1834804000,72465000,8880000,402688000,295763000,524962000,82661000,311727000,183158000,1318468000,33967
20233,구의1동,11215850,2683701,6,4669263000,993083000,74960000,134122000,570277000,98962000,71481000,333957000,192711000,155173000,2044537000,23124
20233,구의2동,11215860,2948328,6,4628588000,1584561000,80955000,34629000,504805000,90092000,186079000,138920000,414228000,250558000,1343761000,25604
20233,구의3동,11215870,4010979,8,12121976000,2075483000,499188000,617811000,1244259000,757561000,810886000,154510000,1643799000,1976534000,2341945000,27836
20233,군자동,11215730,2604535,6,6965007000,1553361000,46217000,249994000,2039706000,245754000,91225000,201376000,385090000,316483000,1835801000,19068
20233,능동,11215780,2846023,6,6306936000,865978000,31263000,421591000,967241000,1448672000,74336000,238892000,398050000,61666000,1799247000,11095
20233,자양1동,11215820,2745988,6,6266093000,2014125000,172037000,49678000,1567722000,142098000,183458000,118542000,237128000,264438000,1516867000,21832
20233,자양2동,11215830,2999213,7,3955315000,1069075000,35497000,39135000,544212000,629767000,204406000,184801000,286764000,110643000,851015000,23625
20233,자양3동,11215840,4353416,8,5366738000,1302597000,458614000,19239000,484408000,299387000,476028000,36147000,353943000,419608000,1516767000,27216
20233,자양4동,11215847,2795134,6,7746342000,2189555000,204133000,23309000,908921000,28849000,112558000,272410000,558274000,371482000,3076851000,19881
20233,중곡1동,11215740,2542359,6,4484011000,1760413000,79507000,110074000,556087000,372794000,41628000,278176000,167295000,124259000,993778000,15237
20233,중곡2동,11215750,2555101,6,3654674000,883117000,64833000,67344000,618811000,114864000,201304000,119493000,290189000,139882000,1154837000,20517
20233,중곡3동,11215760,2390961,5,2510261000,625966000,27633000,98313000,367932000,455258000,79421000,108624000,128307000,136938000,481869000,15727
20233,중곡4동,11215770,2523958,6,3560342000,1233698000,88356000,51146000,339132000,265496000,86014000,131325000,216367000,93907000,1054901000,27590
20233,화양동,11215710,2470026,6,19619443000,2411829000,899873000,19561000,2678832000,983802000,189658000,2023759000,1190961000,842229000,8378939000,23192
