"시군구코드","인허가번호","업소번호","사업종류","상호","전화번호","허가일자","주소"
"3150000","2022315020404100001","00001","가스용품제조사업","(주)파커스인터내셔널","","20220729","서울특별시 강서구 등촌동  684번지 2호  우리벤처타운"
"3150000","2022315000004100001","00001","가스용품제조사업","(주)파커스인터내셔널","","20220727","서울특별시 강서구 등촌동  684번지 2호  우리벤처타운"
"3180000","2019318022104100001","00001","판매사업","동진가스","","20191224","서울특별시 영등포구 도림동  187번지 80호  "
"3150000","2017315015104100002","00001","충전사업","방화동LPG충전소","","20171204","서울특별시 강서구 개화동  565번지 4호  "
"3230000","2017323023104100001","00001","충전사업","복지송파충전소","02 449 9123","20170425","서울특별시 송파구 장지동  907번지  "
"3150000","2017315015104100001","00001","충전사업","활주로충전소","","20170116","서울특별시 강서구 외발산동  384번지 4호  "
"3150000","2016315015104100001","00001","충전사업","한경에너지","","20160322",""
"3150000","2015315015104100002","00001","충전사업","복지마곡충전소","","20150916",""
"3140000","2015314017904100001","00001","가스용품제조사업","초이스하이테크(주)","000226021632","20150824","서울특별시 양천구 신월동  988번지 3호  "
"3150000","2015315015104100001","00001","충전사업","한경에너지","","20150323","서울특별시 강서구 개화동  215번지 6호  "
"3150000","2014315015104100001","00001","충전사업","대영가스충전소","","20141212","서울특별시 강서구 마곡동  761번지 2호  대영가스충전소"
"3160000","2014316020304100001","00001","가스용품제조사업","(주)소시오텍","0220690845","20140528","서울특별시 구로구 신도림동  291번지 20호  "
"3200000","2014320020004100001","00001","충전사업","남태령충전소","","20140211",""
"3060000","2002306007504108113","00001","충전사업","신내LPG충전소","","20130717","서울특별시 중랑구 신내동  317번지 8호  "
"3140000","1982314007004100003","00001","충전사업","(주)대흥가스","","20130621","서울특별시 양천구 신월동  131번지 7호  "
"3140000","2007314000004100006","00001","충전사업","복지신정충전소","0226454600","20130507","서울특별시 양천구 신정동  162번지 19호  외2필지"
"3080000","2001308007504110002","00001","충전사업","국제가스공업(주)","02 9885565","20120904","서울특별시 강북구 수유동  48번지 23호  "
"3210000","2012321012204100001","00001","충전사업","명품충전소","","20120718","서울특별시 서초구 내곡동  234번지 1호  "
"3100000","2011310017304100001","00001","충전사업","복지노원충전소","","20111223","서울특별시 노원구 상계동  1204번지 7호  "
"3090000","2011309013504100001","00001","충전사업","(주)평안에너지 도봉충전소","02  34945185","20111102","서울특별시 도봉구 도봉동  377번지  "
"3150000","2007315010004100001","00001","충전사업","복지개화충전소","26615151","20110905","서울특별시 강서구 개화동  509번지 4호  "
"3100000","2004310009604100001","00001","충전사업","복지공릉충전소","","20110706","서울특별시 노원구 공릉동  26번지 69호  "
"3170000","0018317000004100004","00001","가스용품제조사업","(주)코리아컴버션","02  26898413","20110131","서울특별시 금천구 독산동  336번지 4호  "
"3150000","2006315010004100003","00001","충전사업","대흥에너지산업주식회사","","20101230","서울특별시 강서구 화곡동  898번지 3호  "
"3240000","0111324000004101111","00001","판매사업","현대동남동방가스","02   4848949","20101028","서울특별시 강동구 천호동  450번지 3호  "
"3200000","9707320000004100002","00001","가스용품제조사업","유진물산","028672588","20100827","서울특별시 관악구 신림동  475번지 41호  "
"3210000","2010321012204100001","00001","충전사업","(주)에이치앤디이 서울 만남의광장충전소","5737430","20100805","서울특별시 서초구 원지동  10번지 16호  "
"3110000","2010311012604100001","00001","충전사업","은평 서부충전소","02111111111","20100514","서울특별시 은평구 진관동  76번지 6호  주유소 3"
"3160000","2009316011704100002","00001","가스용품제조사업","나비드(주)","","20091027","서울특별시 구로구 구로동  487번지 91호  "
"3240000","2009324013904100001","00001","가스용품제조사업","지에스퓨얼셀 주식회사","02  69004100","20090414","서울특별시 강동구 성내동  453번지 2호  "
"3160000","2009316011704100001","00001","충전사업","43.86","02  2613773","20090210","서울특별시 구로구 개봉동  247번지 14호  "
"3100000","2009310010904100001","00001","충전사업","노원 LPG 충전소","","20090129","서울특별시 노원구 상계동  1204번지 7호  외 3필지"
"3210000","2009321012204100001","00001","충전사업","서초명품LPG충전소","02  576 3651","20090115","서울특별시 서초구 내곡동  234번지 1호  "
"3030000","1998303000004100425","00001","가스용품제조사업","동광금속","02  46347444","20080605","서울특별시 성동구 성수동2가  275번지 72호  동광금속"
"3180000","1997318000004100001","00001","판매사업","신창가스","","20080410","서울특별시 영등포구 신길동  221번지 48호  "
"3140000","2004314000004100001","00001","가스용품제조사업","(주)3차버너","022648700","20080219","서울특별시 양천구 신정동  296번지 69호  "
"3030000","1973303000004104001","00001","충전사업","대성산업(주)동부충전소","02 4632202","20071116","서울특별시 성동구 성수동2가  284번지 108호  "
"3090000","1983309000004100032","00001","판매사업","방학가스","34924004","20071031","서울특별시 도봉구 방학동  654번지 20호  "
"3160000","2007316011704100001","00001","가스용품제조사업","명보열기상사","26358141","20071022","서울특별시 구로구 구로동  604번지 1호  "
"3220000","2001322000004100028","00001","판매사업","(주)강남에너지","02  589 4545","20071011","서울특별시 강남구 개포동  1170번지 10호  "
"3110000","2007311011104100005","00001","판매사업","일신가스","02 3594375","20070326","서울특별시 은평구 불광동  523번지  "
"3110000","2007311011104100003","00001","판매사업","믿음가스","02 3547100","20070326","서울특별시 은평구 갈현동  325번지 8호  "
"3110000","2007311011104100002","00001","판매사업","은평조광가스","02 3553440","20070326","서울특별시 은평구 대조동  219번지 18호  "
"3110000","2007311011104100009","00001","충전사업","(주)신흥에너지","02 3730054","20070326","서울특별시 은평구 증산동  223번지 9호  "
"3110000","2007311011104100004","00001","판매사업","한샘가스","02 3043040","20070326","서울특별시 은평구 증산동  182번지 4호  "
"3110000","2007311011104100001","00001","판매사업","은평가스산업상사","02 3021001","20070326","서울특별시 은평구 신사동  35번지 1호  "
"3110000","2007311011104100008","00001","충전사업","서부충전소","02 3551152","20070326","서울특별시 은평구 진관동  83번지 2호  "
"3110000","2007311011104100007","00001","충전사업","(주)삼표에너지 수색충전소","02 3727113","20070326","서울특별시 은평구 증산동  223번지 15호  "
"3110000","2007311011104100006","00001","판매사업","흥국가스","02 3851226","20070326","서울특별시 은평구 녹번동  155번지 30호  "
"3150000","2007315010004100002","00001","충전사업","오곡동충전소","","20070201","서울특별시 강서구 오곡동  699번지 14호  "
"3150000","2006315010004100016","00001","충전사업","강서가스충전소","","20061228","서울특별시 강서구 오곡동  593번지 2호  "
"3160000","2005316011704100001","00001","저장소설치","세영NISSI","0226773923","20061228","서울특별시 구로구 온수동  100번지 73호  "
"3220000","2006322008304100005","00001","충전사업","테헤란로가스","","20061025","서울특별시 강남구 역삼동  707번지 27호  "
"3240000","2002324007304100045","00001","판매사업","태양가스","","20060927","서울특별시 강동구 명일동  323번지 23호  "
"3240000","2001324007304100070","00001","판매사업","강동에너지","","20060927","서울특별시 강동구 명일동  323번지 23호  "
"3200000","2006320008004100003","00001","충전사업","명화가스(주)","","20060913","서울특별시 관악구 봉천동  1594번지 8호  "
"3080000","2006308009204100001","00001","판매사업","현대가스","","20060821","서울특별시 강북구 미아동  135번지 51호 미아9동 "
"3160000","1981316007104100031","00001","판매사업","제일가스상사","","20060811","서울특별시 구로구 온수동  62번지 17호  "
"3150000","2006315010004100011","00001","판매사업","대한가스","26538855","20060714","서울특별시 강서구 화곡동  504번지 145호  "
"3150000","2006315010004100010","00001","충전사업","삼표가스","26022898","20060714","서울특별시 강서구 화곡동  29번지 22호  "
"3150000","2006315010004100006","00001","판매사업","한진에너지","","20060714","서울특별시 강서구 방화동  330번지 15호  "
"3150000","2006315010004100015","00001","판매사업","상원가스","","20060714","서울특별시 강서구 방화동  553번지 22호  "
"3150000","2006315010004100004","00001","충전사업","대양가스충전소","","20060714","서울특별시 강서구 가양동  449번지 13호  "
"3150000","2006315010004100014","00001","충전사업","대영가스충전소","","20060714","서울특별시 강서구 마곡동  25번지 2호  "
"3150000","2006315010004100002","00001","충전사업","공항로충전소","","20060714","서울특별시 강서구 등촌동  534번지 12호  "
"3150000","2006315010004100001","00001","판매사업","상원가스","","20060714","서울특별시 강서구 방화동  553번지 22  호  "
"3150000","2006315010004100009","00001","판매사업","행복가스","02  26065600","20060714","서울특별시 강서구 화곡동  900번지 37호  "
"3150000","2006315010004100013","00001","판매사업","현대가스","","20060714","서울특별시 강서구 등촌동  636번지 2호  "
"3150000","2006315010004100012","00001","충전사업","동서가스","2326033030","20060714","서울특별시 강서구 화곡동  366번지 9호  "
"3150000","2006315010004100008","00001","판매사업","흥국가스","","20060714","서울특별시 강서구 화곡동  373번지 6   호  "
"3150000","2006315010004100005","00001","충전사업","개인택시조합 복지제1충전소","","20060714","서울특별시 강서구 마곡동  22번지 4호  "
"3150000","2006315010004100007","00001","판매사업","대흥가스","","20060714","서울특별시 강서구 화곡동  1013번지 14호  "
"3100000","1982310009604100001","00001","충전사업","(주)평안에너지","0297225274","20060613","서울특별시 노원구 중계동  515번지 5호  "
"3200000","2006320008004100002","00001","판매사업","태양가스","","20060612","서울특별시 관악구 신림동  1634번지 13호  "
"3200000","2006320008004100001","00001","판매사업","중앙가스","02 8822330","20060612","서울특별시 관악구 봉천동  1538번지 8호  "
"3000000","1978300007604100001","00001","판매사업","광일가스","02 7633851","20060602","서울특별시 종로구 충신동  27번지 52호  "
"3240000","2006324011904100002","00001","충전사업","둔촌충전소","","20060503","서울특별시 강동구 둔촌동  115번지 1호  외 3필지"
"3240000","2006324011904100001","00001","충전사업","복지둔촌충전소","","20060502","서울특별시 강동구 둔촌동  115번지 1호  복지둔촌충전소"
"3150000","2001315007404120018","00001","판매사업","동서가스","0226051527","20060411","서울특별시 강서구 화곡동  1013번지 14호  "
"3160000","1996316009304100001","00001","판매사업","한국샤인","0226847926","20060405","서울특별시 구로구 온수동  100번지 10호  "
"3160000","2006316009304100001","00001","판매사업","동방에너지","","20060330","서울특별시 구로구 구로동  454번지 66호  외 1필지"
"3140000","1982314007004100002","00001","충전사업","비케이서비스산업(주)신흥충전소","","20060323","서울특별시 양천구 신월동  53번지 1호  "
"3100000","2005310009604100001","00001","판매사업","양심가스","","20060316","서울특별시 노원구 월계동  508번지 24호  "
"3050000","2001305008204100004","00001","충전사업","(주)홍릉가스","","20060314","서울특별시 동대문구 청량리동  205번지 776호  "
"3120000","2001312007504100006","00001","판매사업","중앙가스","02  735 3066","20060106","서울특별시 서대문구 홍제동  47번지 19호  "
"3030000","2005303007404111111","00001","저장소설치","동남빌딩 (도시가스)","","20051227",""
"3160000","2005316009304100001","00001","판매사업","합동에너지","0220600923","20051123","서울특별시 구로구 고척동   "
"3070000","1980307009904100016","00001","판매사업","한신가스","02 9178811","20051101","서울특별시 성북구 정릉동  289번지 30호  "
"3060000","2005306000004100001","00001","가스용품제조사업","중앙메탈","02  493 9191","20051025","서울특별시 중랑구 상봉동  127번지 21호  "
"3150000","2005315010004200017","00001","판매사업","한진에너지","","20051025","서울특별시 강서구 방화동  330번지 15호  "
"3030000","1981303007404104307","00001","판매사업","우리가스","0222984433","20050908","서울특별시 성동구 옥수동  520번지 19호  "
"3030000","1000303000004100024","00001","가스용품제조사업","신대양캣치올","","20050906",""
"3010000","1992301007104100034","00001","판매사업","평화가스","02 7756868","20050729","서울특별시 중구 다동  51번지 2호  "
"3010000","1978301007104100007","00001","판매사업","삼성가스","0222732952","20050701","서울특별시 중구 광희동1가  48번지  "
"3230000","2005323007804100001","00001","판매사업","동방에너지","","20050615","경기도 의왕시 고천동  439번지 55호  "
"3150000","2001315007404100007","00001","충전사업","대양가스충전소","0226685151","20050523","서울특별시 강서구 가양동  449번지 13호  "
"3110000","1998311008804100039","00001","판매사업","삼표가스","02 3021001","20050506","서울특별시 은평구 신사동  35번지 1호  "
"3200000","1977320000004100014","00001","판매사업","신일유공가스","02 8785224","20050331",""
"3090000","1982700000004100003","00001","충전사업","한영충전소","","20050323","서울특별시 도봉구 쌍문동  715번지 1호  "
"3220000","2001322000004100024","00001","판매사업","강남가스","","20050304","서울특별시 강남구 역삼동  796번지 20호  "
"3220000","2001322000004100013","00001","판매사업","영동금성가스","","20050304","서울특별시 강남구 논현동  156번지 10호  "
"3220000","2001322000004100015","00001","판매사업","강남제일가스","","20050304","서울특별시 강남구 청담동  13번지 17호  "
"3150000","1997315007404100006","00001","충전사업","경서에너지양천길충전소","","20050302",""
"3230000","2000323007804100001","00001","판매사업","케이원에너지","024202633","20050218","서울특별시 송파구 석촌동  69번지 23호  "
"3150000","2001315007404120028","00001","판매사업","한일가스","02 6657836","20050131","서울특별시 강서구 공항동  404번지 20호  "
"3230000","1984323007804100020","00001","판매사업","SK가스","02 4142600","20050128","서울특별시 송파구 석촌동  58번지 24호  "
"3000000","2005300007604100002","00001","판매사업","우리에너지","","20050114","서울특별시 종로구 누하동  22번지 외3필지번지  "
"3240000","2001324007304100033","00001","판매사업","동양가스","","20050110","서울특별시 강동구 천호동  450번지 23호  "
"3000000","2005300007604100001","00001","판매사업","(주)우리가스","7652244","20050107","서울특별시 종로구 충신동  91번지 7호  린나"
"3160000","2003316009304120031","00001","충전사업","오승프라임산업(주)","","20041224","서울특별시 구로구 궁동  1-16,2번지  "
"3130000","2001313008004100015","00001","판매사업","하나가스","","20041221","서울특별시 마포구 대흥동  3번지 56호  "
"3040000","2000304007304100004","00001","판매사업","광진가스","024528300","20041104","서울특별시 광진구 자양동  660번지 2호  "
"3210000","1988321007604100005","00001","판매사업","(주)서초종합가스지점서초가스","","20041028","서울특별시 서초구 양재동  292번지 3호  "
"3030000","1980303007404104303","00001","판매사업","동양가스","0222973700","20041016","서울특별시 성동구 금호동4가  258번지 1호  "
"3190000","1980319007204100003","00001","판매사업","동양가스","","20041011","서울특별시 동작구 사당동  89번지 52호  "
"3230000","2000323007804100040","00001","판매사업","현대송파강동동방가스","","20041005",""
"3010000","1978301007104100015","00001","판매사업","그린에너지","","20040921","서울특별시 중구 무학동  7번지 1호  "
"3180000","2001318007604100002","00001","판매사업","영등포제6가스","02 6785792","20040819","서울특별시 영등포구 영등포동1가  119번지  "
"3230000","1981323007804100007","00001","판매사업","선경가스","","20040813","서울특별시 송파구 풍납동  124번지 11호  "
"3110000","1971311009904100021","00001","충전사업","(주)삼표에너지 수색충전소","","20040804","서울특별시 은평구 증산동  223번지 15호  "
"3160000","2004316009304100001","00001","판매사업","동방에너지","","20040729","서울특별시 구로구 구로동  685번지 122호  "
"3230000","1978323007804100003","00001","판매사업","대성가스","02 4233955","20040709","서울특별시 송파구 잠실동  187번지 5호  "
"3140000","1982314007004100011","00001","판매사업","모닝가스상사","","20040709","서울특별시 양천구 신월동  1번지 14호  "
"3230000","1986323007804100027","00001","판매사업","금강가스","","20040709","서울특별시 송파구 문정동  91번지 14호  "
"3130000","2001313008004100018","00001","판매사업","부흥가스","02 3034056","20040702","서울특별시 마포구 중동  45번지 2호  "
"3140000","2001314007004100021","00001","판매사업","우리가스","0226445414","20040621","서울특별시 양천구 신정동  162번지 1호  "
"3090000","1983700000004100005","00001","판매사업","안전가스","","20040616","서울특별시 도봉구 창동  596번지 21호  "
"3010000","1978301007104100005","00001","판매사업","한일가스","","20040611","서울특별시 중구 충무로5가  20번지 10호  "
"3010000","1978301007104100006","00001","판매사업","남산가스","","20040611","서울특별시 중구 쌍림동  209번지  "
"3010000","1977301007104100011","00001","판매사업","대성가스","","20040610",""
"3010000","1980301007104100022","00001","판매사업","세영가스","","20040610","서울특별시 중구 만리동1가  62번지 21호  "
"3010000","1981301007104100027","00001","판매사업","한성가스","","20040610","서울특별시 중구 황학동  1101번지  "
"3000000","1985300007604100002","00001","판매사업","삼오가스","02 7335723","20040531","서울특별시 종로구 안국동  4번지  "
"3130000","2001313008004100009","00001","판매사업","새한가스","","20040521","서울특별시 마포구 성산동  200번지 20호  "
"3130000","2002313009904100015","00001","판매사업","태성중앙가스","","20040514","서울특별시 마포구 구수동  377번지 1호  "
"3160000","1987316007104100045","00001","판매사업","금성가스","","20040408","서울특별시 구로구 구로동  390번지 157호  "
"3030000","1982303007404104311","00001","판매사업","통일가스","0222951212","20040406","서울특별시 성동구 마장동  767번지 41호  "
"3000000","1977300007604100001","00001","판매사업","한양가스","0222664186","20040325","서울특별시 종로구 관수동  130번지 1호  "
"3050000","2001305008204108115","00001","판매사업","제일가스","0222129363","20040310","서울특별시 동대문구 전농동  582번지 10호  "
"3060000","2003306007504100001","00001","판매사업","대성에너지(가스)","","20040308","서울특별시 중랑구 면목동  118번지 17호  "
"3150000","2001315007404120015","00001","판매사업","대흥가스","","20040203","서울특별시 강서구 화곡동  1013번지 14호  "
"3150000","2001315007404120014","00001","판매사업","현대가스","","20040203","서울특별시 강서구 화곡동  373번지 6호  "
"3240000","2001324007304100074","00001","판매사업","SK가스","","20040113","서울특별시 강동구 성내동  442번지 2호  "
"3130000","1983313008004100018","00001","판매사업","상암가스","","20031226","서울특별시 마포구 상암동  16-3번지  "
"3100000","1990310009604100060","00001","판매사업","린나이 가스 마트","02 9731010","20031223","서울특별시 노원구 상계동  399번지 3호  "
"3200000","1998320008004109801","00001","판매사업","신봉가스","02 8776518","20031212","서울특별시 관악구 봉천동  892번지 30호  "
"3190000","0976319007204100001","00001","판매사업","강남가스","02 8129797","20031201","서울특별시 동작구 상도1동  373번지  "
"3240000","1993324010604100049","00001","판매사업","현대가스","4411515","20031127","서울특별시 강동구 명일동  312번지 1호  "
"3120000","2001312007504100012","00001","판매사업","신성가스","","20031124","서울특별시 서대문구 충정로3가  3번지 378호  "
"3120000","2001312007504100010","00001","판매사업","대림가스","02  306 7755","20031124","서울특별시 서대문구 북가좌동  340번지 11호  "
"3080000","2001308007504100003","00001","판매사업","제사가스","","20030929","서울특별시 강북구 미아동  1265번지 27호  "
"3080000","2001308007504100008","00001","판매사업","우리동네가스","","20030929","서울특별시 강북구 수유동  47번지 49호  "
"3080000","2001308007504100007","00001","판매사업","용우가스","","20030929","서울특별시 강북구 수유동  573번지 6호  "
"3080000","2001308007504100004","00001","판매사업","제일가스","","20030929","서울특별시 강북구 미아동  374번지 39호  "
"3080000","2001308007504100009","00001","판매사업","린나이가스","02 9937400","20030926","서울특별시 강북구 번동  429번지 46호  "
"3050000","2002305008204100001","00001","판매사업","서울가스","","20030923","서울특별시 동대문구 용두동  103번지 0010호  "
"3100000","1978310009604100011","00001","판매사업","유공가스","02 9178788","20030906","서울특별시 노원구 월계동  375번지 2호  "
"3150000","2001315007404100002","00001","충전사업","(주)삼표에너지김포충전소","","20030902","서울특별시 강서구 오쇠동  150번지 5호  "
"3090000","1999700000004100003","00001","충전사업","한영충전소","02 9941181","20030901",""
"3000000","1996300007604100001","00001","판매사업","유공가스","02 7450707","20030828","서울특별시 종로구 충신동  82번지 2호  "
"3000000","1977300007604100003","00001","판매사업","신영가스","","20030801","서울특별시 종로구 신영동  128번지 2호  "
"3000000","2001300007604100015","00001","판매사업","우일가스","","20030801","서울특별시 종로구 창신동  406번지 6호  "
"3240000","2001324007304100029","00001","판매사업","강동서울가스","","20030722","서울특별시 강동구 성내동  542번지 1호  "
"3110000","1977311008804100011","00001","판매사업","한샘가스","02 3043040","20030710","서울특별시 은평구 증산동  182번지 4호  "
"3040000","2000304007304100007","00001","판매사업","한일가스","0222013797","20030704","서울특별시 광진구 중곡동  190번지 20호  "
"3070000","1981307009904100022","00001","판매사업","형선가스","02 9130168","20030703","서울특별시 성북구 성북동  68번지 4호  "
"3130000","1975313008004100001","00001","판매사업","삼일가스","02 3330031","20030701","서울특별시 마포구 동교동  204번지 6호  "
"3020000","2000302007404100001","00001","판매사업","삼표가스","02 7955500","20030627","서울특별시 용산구 한강로3가  40번지 489호  "
"3030000","1981303007404104306","00001","판매사업","주식회사 현대가스텍 우성가스 지점","","20030619","서울특별시 성동구 마장동  460번지 27호  "
"3160000","1983316007104100041","00001","판매사업","극동가스","02 6778252","20030609","서울특별시 구로구 신도림동  439번지 15호  "
"3130000","2001313008004100008","00001","판매사업","린나이가스","","20030602","서울특별시 마포구 합정동  438번지 3호  "
"3120000","2001312007504100009","00001","판매사업","명지가스","","20030530","서울특별시 서대문구 남가좌동  215번지 55호  "
"3030000","1982303007404104310","00001","판매사업","서울유공가스","","20030522","서울특별시 성동구 응봉동  193번지 131호  "
"3030000","1981303007404104305","00001","판매사업","경남가스","","20030522","서울특별시 성동구 하왕십리동  970번지 67호  "
"3030000","1970303007404104301","00001","판매사업","유공가스","","20030522","서울특별시 성동구 금호동2가  4번지  "
"3020000","2001302007404100001","00001","판매사업","용산합동가스","027126611","20030513","서울특별시 용산구 청파동2가  104번지 2호  "
"3000000","1995300007604100001","00001","판매사업","동문가스","027665250","20030501","서울특별시 종로구 숭인동  5번지 9호  "
"3140000","1997314007004100018","00001","판매사업","형제특수가스","","20030428","서울특별시 양천구 신정동  170번지 14호  "
"3020000","2000302007404100002","00001","판매사업","하나가스","02 7934949","20030412","서울특별시 용산구 이태원동  137번지 48호  "
"3140000","1979314007004100135","00001","판매사업","대성한국가스","","20030324","서울특별시 양천구 신월동  500번지 11호  "
"3090000","1999700000004100002","00001","충전사업","방학가스","02 9552288","20030303",""
"3070000","2000307009904200032","00001","판매사업","대도가스","02 9273088","20030226","서울특별시 성북구 종암동  44번지 19호  "
"3070000","1978307009904100014","00001","판매사업","대영가스","02 9120033","20030226","서울특별시 성북구 길음동  1118번지 1호  "
"3070000","2001307009904200014","00001","판매사업","유공가스","02 9130168","20030226","서울특별시 성북구 하월곡동  90번지 260호  "
"3140000","1979314007004100001","00001","충전사업","목동충전소","","20030225","서울특별시 양천구 신정동  994번지 4호  "
"3180000","2001318007604100014","00001","판매사업","영등포제1가스","02 6369292","20030225","서울특별시 영등포구 당산동6가  313번지 8호  "
"3000000","1976300007604100003","00001","판매사업","아진가스산업","02 7648747","20030218","서울특별시 종로구 낙원동  220번지  "
"3130000","1991313009904100020","00001","판매사업","화랑가스","","20030120","서울특별시 마포구 토정동  3-1번지  "
"3210000","1980321007604100002","00001","판매사업","(주)서초종합가스지점방배가스","02 5876008","20030107","서울특별시 서초구 방배동  969번지 5호  "
"3120000","2001312007504100007","00001","판매사업","대흥가스","","20021116","서울특별시 서대문구 홍제동  266번지 60호  "
"3120000","2001312000004100007","00001","판매사업","대흥가스","02  391 7777","20021116","서울특별시 서대문구 홍제동  266번지 60호  "
"3060000","2002306007504108112","00001","판매사업","동남가스","02 4944949","20021108","서울특별시 중랑구 상봉동  126번지 53호  "
"3150000","2001315007404120017","00001","판매사업","대흥가스","","20021106",""
"3070000","1981307009904100019","00001","판매사업","양심가스","02 9130168","20021102","서울특별시 성북구 하월곡동  74번지 2호  "
"3110000","1982311008804100027","00001","판매사업","영풍가스","02 3522434","20021029","서울특별시 은평구 진관동  424번지 92호  "
"3110000","1982311008804100024","00001","판매사업","천일가스","02 3851001","20021029","서울특별시 은평구 응암동  195번지 25호  "
"3110000","1985311008804100025","00001","판매사업","은평가스산업상사","02 3024747","20021029","서울특별시 은평구 응암동  601번지 75호  "
"3110000","2001311008804200014","00001","판매사업","삼표조광가스","02 3553440","20021029","서울특별시 은평구 대조동  219번지 18호  "
"3100000","1986310009604100001","00001","충전사업","(주)노일가스","02 9348851","20021029","서울특별시 노원구 상계동  1034번지 1호  "
"3110000","1976311008804100003","00001","판매사업","동양가스","02 3536669","20021029","서울특별시 은평구 불광동  281번지 144호  "
"3130000","2001313008004100003","00001","판매사업","동양가스상사","","20021023","서울특별시 마포구 신공덕동  56번지 28호  "
"3220000","2002322008304100002","00001","충전사업","대지가스강남충전소","","20021015","서울특별시 강남구 자곡동  204번지 1호  "
"3060000","2002306007504108114","00001","판매사업","진우에프테크","02 4334097","20021014","서울특별시 중랑구 면목동  172번지 93호  "
"3240000","2001324007304100077","00001","판매사업","신동방가스","02 4785500","20021010","서울특별시 강동구 천호동  325번지 8호  "
"3150000","2001315007404120003","00001","판매사업","대한가스","0226022240","20020919","서울특별시 강서구 화곡동  1035번지 14호  "
"3160000","2002316009304120021","00001","저장소설치","태환자동화산업","","20020917","서울특별시 구로구 고척동  143번지 1호  "
"3050000","2001305008204100768","00001","판매사업","삼일가스","02 9661919","20020905","서울특별시 동대문구 이문동  291번지 35호  "
"3220000","2001322008304100001","00001","충전사업","수서LPG충전소","","20020902","서울특별시 강남구 자곡동  204번지 1호  "
"3010000","1976301007104100018","00001","판매사업","삼일가스","0222363131","20020830","서울특별시 중구 신당동  162번지 24호  "
"3060000","2002306007504100814","00001","판매사업","우리가스","02 4960101","20020826","서울특별시 중랑구 망우동  457번지 9호  "
"3060000","2002306007504100802","00001","판매사업","화랑가스","02 4342222","20020826","서울특별시 중랑구 중화동  330번지 77호  "
"3100000","1990310009604100061","00001","판매사업","우일가스","","20020814","서울특별시 노원구 월계동  508번지 20호  "
"3010000","1994301007104100036","00001","판매사업","유공가스","0222666900","20020802","서울특별시 중구 충무로2가  53번지 8호  "
"3080000","2001308007504100002","00001","판매사업","제이가스","","20020624","서울특별시 강북구 미아동  218번지 59호  "
"3050000","2001305008204107610","00001","판매사업","성원가스","","20020620","서울특별시 동대문구 제기동  803번지  "
"3050000","2001305008204108119","00001","판매사업","장평가스","","20020620","서울특별시 동대문구 장안동  319번지 9호  "
"3130000","2001313008004100004","00001","판매사업","삼표대성가스","023341 790","20020619","서울특별시 마포구 당인동  25번지 22호  "
"3060000","2002306007504100767","00001","판매사업","삼성가스","02 4918000","20020617","서울특별시 중랑구 면목동  353번지 2호  "
"3120000","2001312007504100011","00001","판매사업","동아가스","02 3948090","20020530","서울특별시 서대문구 홍은동  8번지 44호  "
"3120000","2001312007504100005","00001","판매사업","제일가스","02 3367144","20020530","서울특별시 서대문구 연희동  717번지  "
"3120000","2001312007504100002","00001","판매사업","영천가스","02 3133100","20020530","서울특별시 서대문구 천연동  112번지  "
"3090000","1999700000004100001","00001","충전사업","안전가스","222222222222","20020522",""
"3160000","1989316007104100052","00001","판매사업","동우가스상사","","20020517","서울특별시 구로구 구로동  252번지 77호  "
"3070000","1976307009904100012","00001","판매사업","성북제일가스","02 9273088","20020516","서울특별시 성북구 보문동1가  40번지  "
"3150000","2001315007404120002","00001","판매사업","공항가스","02 6641618","20020513","서울특별시 강서구 방화동  465번지 26호  "
"3000000","1978300007604100002","00001","판매사업","안전가스상사","02 7623366","20020510","서울특별시 종로구 이화동  9번지 24호  "
"3000000","1981300007604100001","00001","판매사업","유림가스","02 3917833","20020510","서울특별시 종로구 평창동  151번지 2호  "
"3050000","2001305008204100001","00001","충전사업","현대정유(주)용두동충전소","02 9664822","20020503","서울특별시 동대문구 용두동  34번지 4호  "
"3240000","2002324007304100011","00001","판매사업","통일가스","02 4291800","20020501","서울특별시 강동구 상일동  20번지 1호  "
"3240000","2001324007304100152","00001","충전사업","복지상일충전소","","20020403","서울특별시 강동구 상일동  443번지 5호  "
"3240000","2002324007304100052","00001","충전사업","동서울충전소","","20020403","서울특별시 강동구 상일동  443번지 5호  "
"3110000","1971311008804100022","00001","충전사업","서부충전소","02 3551152","20020401","서울특별시 은평구 진관동  83번지 2호  "
"3200000","1983320008004100053","00001","판매사업","관악에너지","","20020329","서울특별시 관악구 봉천동  1662번지 8호  "
"3150000","2001315007404120001","00001","판매사업","삼표가스","","20020313","서울특별시 강서구 화곡동  29번지 22호  "
"3000000","2001300007604100020","00001","판매사업","동양가스","02 7651708","20020222","서울특별시 종로구 권농동  123번지  "
"3000000","1976300007604100004","00001","판매사업","대영가스상사","0222346329","20020222","서울특별시 종로구 숭인동  226번지 1호  "
"3000000","1991300007604100001","00001","판매사업","삼성가스","02 7301400","20020222","서울특별시 종로구 평동  12번지 2호  "
"3000000","1976300007604100006","00001","판매사업","태흥가스","","20020222","서울특별시 종로구 익선동  8번지  "
"3000000","1976300007604100007","00001","판매사업","현대가스","02 7631101","20020222","서울특별시 종로구 창신동  130번지 66호  "
"3200000","1976320000004100002","00001","판매사업","대안가스","02 8777511","20020220","서울특별시 관악구 신림동   112-1"
"3220000","2002322008304100003","00001","충전사업","대치가스(주)","0234122828","20020206","서울특별시 강남구 자곡동  373번지 1호  "
"3160000","1988316007104100050","00001","판매사업","현대가스상사","02 6891231","20020128","서울특별시 구로구 오류동  231번지 1호  "
"3220000","2002322008304100004","00001","충전사업","개인택시조합 복지제2충전소","","20020125","서울특별시 송파구 신천동  11번지 7호  "
"3220000","2006322008304100002","00001","충전사업","(주)수서에너지","02  445 1083","20020125","서울특별시 강남구 세곡동  34번지 3호  , 34-7"
"3220000","2006322008304100003","00001","충전사업","복지강남충전소","02  445 3300","20020125","서울특별시 강남구 자곡동  373번지 1호  "
"3220000","2002322008304100001","00001","충전사업","수서LPG충전소","","20020125","서울특별시 강남구 자곡동  204번지 1호  "
"3050000","2001305008204108110","00001","판매사업","한미가스","","20020118","서울특별시 동대문구 용두동  254번지 8호  "
"3100000","1995310000004100001","00001","판매사업","노원연합가스","","20011221","서울특별시 노원구 상계동  43번지 27호  "
"3050000","2001305008204108122","00001","판매사업","서울가스","","20011218","서울특별시 동대문구 용두동  103번지 0010호  "
"3110000","2001311008804100002","00001","충전사업","정삼선","02 3846810","20011213","서울특별시 은평구 진관동  산 56번지 1호  "
"3110000","2001311008804100001","00001","충전사업","오융환","02 3845272","20011213","서울특별시 은평구 진관동  385번지 1호  "
"3160000","1999316007104100053","00001","판매사업","SK가스상사","","20011204","서울특별시 구로구 개봉동  139번지 94호  "
"3020000","2001302007404100002","00001","판매사업","평화가스","","20011112","서울특별시 용산구 용문동  40번지 2호  "
"3060000","2001306007504100861","00001","판매사업","봉화가스","02 9733918","20011112","서울특별시 중랑구 묵동  234번지 14호  "
"3200000","1982320008004101843","00001","충전사업","현대정유(주)","02 8823434","20011029","서울특별시 관악구 신림동  112번지 46호  "
"3050000","2001305008204107615","00001","판매사업","동대문에너지","02  22449900","20011016","서울특별시 동대문구 전농동  20번지 434호  "
"3000000","1976300007604100002","00001","판매사업","태아가스연료상사","027638 111","20011015","서울특별시 종로구 원남동  95번지  "
"3000000","1976300007604100001","00001","판매사업","삼화가스","02 7376363","20011009","서울특별시 종로구 누하동  3번지  "
"3160000","1981316007104100035","00001","판매사업","한신가스","0226131474","20011004","서울특별시 구로구 오류동  81번지 41호  "
"3220000","2001322008304100002","00001","판매사업","삼성가스","","20010928","서울특별시 강남구 개포동  187번지  "
"3050000","2001305008204108121","00001","판매사업","한솔가스","","20010829","서울특별시 동대문구 전농동  581번지 53호  "
"3050000","2001305008204108120","00001","판매사업","한솔가스","","20010824","서울특별시 동대문구 전농동  581번지 53호  "
"3140000","2001314007004100005","00001","충전사업","수도에너지(주) 신정동 충전소","","20010809","서울특별시 양천구 신정동  813번지 17호  "
"3070000","2001307000004100001","00001","가스용품제조사업","장위데이타시스템(주)","02 9111002","20010809","서울특별시 성북구 장위동  44번지  "
"3050000","2001305008204100822","00001","판매사업","오성가스","02 9601122","20010731","서울특별시 동대문구 이문동  217번지 12호  "
"3130000","2001313008004100013","00001","판매사업","대양가스","","20010702","서울특별시 마포구 공덕동  255번지 23호  "
"3200000","1983320008004100052","00001","판매사업","한양가스","02 8622424","20010627","서울특별시 관악구 신림동  546번지 3호  "
"3160000","1981316007104100038","00001","판매사업","한일가스상사","","20010627","서울특별시 구로구 오류동  147번지 2호  "
"3130000","2001313008004100020","00001","판매사업","화랑가스","","20010602","서울특별시 마포구 토정동  3번지 1호  "
"3180000","2001318007604100078","00001","판매사업","엘지가스상사","02 8311657","20010515","서울특별시 영등포구 도림동  80번지 35호  "
"3180000","2001318007604100074","00001","판매사업","평화가스상사","02 8452288","20010514","서울특별시 영등포구 대림동  1032번지 25호  "
"3080000","2001308007504100006","00001","판매사업","우이가스","02 9922400","20010510","서울특별시 강북구 수유동  270번지 199호  "
"3150000","2001315007404120027","00001","판매사업","중앙가스","","20010412","서울특별시 강서구 화곡동  900번지 37호  "
"3140000","0000314000004100021","00001","판매사업","유공가스","02  26445414","20010310","서울특별시 양천구 신정동  162번지 1호  "
"3240000","2001324007304100079","00001","판매사업","동남가스","","20010223","서울특별시 강동구 성내동  288번지 4호  "
"3020000","2001302007404111111","00001","판매사업","하나에너지","","20010214","서울특별시 용산구 청파동2가  104번지 2호  "
"3240000","2001324007304100033","00005","판매사업","동양가스","","20010206","서울특별시 강동구 천호동  450번지 23호  "
"3150000","0017315000004100003","00001","가스용품제조사업","가스텍코리아(주)","","20010119",""
"3150000","2001315007404170003","00001","판매사업","가스텍코리아(주)","","20010119","서울특별시 강서구 화곡동  1013번지 14호  "
"3100000","1992310009604100001","00001","충전사업","신성에너지(주) 공릉","02  972 2254","20010103","서울특별시 노원구 공릉동  529번지 13호  "
"3040000","2000304007304100002","00001","충전사업","중곡충전소","02   4674708","20001227","서울특별시 광진구 중곡동  611번지 7호  "
"3220000","2000322008304120001","00001","충전사업","대치가스(주)","","20000919","서울특별시 강남구 대치동  27번지 15호  "
"3220000","2006322008304100001","00001","충전사업","대치에너지(주)","02  34122828","20000919","서울특별시 강남구 대치동  27번지 15호  "
"3020000","2000302007404100005","00001","판매사업","태양가스","","20000721","서울특별시 용산구 한남동  109번지 2호  "
"3240000","2002324007304100076","00001","판매사업","가스만서비스","02 4886805","20000619","서울특별시 강동구 둔촌동  67번지  "
"3210000","2000321007604100001","00001","충전사업","서초충전소","025823636","20000616","서울특별시 서초구 방배동  623번지 5호  "
"3030000","2000303000004100009","00001","가스용품제조사업","(주) 유한정공","000204658555","20000516","서울특별시 성동구 성수동2가  272번지 6호  "
"3140000","2000314007004100020","00001","판매사업","효성가스","","20000223","서울특별시 양천구 신월동  438번지 3호  "
"3030000","2000303007404100011","00001","저장소설치","현대종합기계","000211111111","20000101","서울특별시 성동구 성수동2가  284-3번지  "
"3240000","2001324007304100078","00001","판매사업","서울가스","","19991230","서울특별시 강동구 성내동  542번지 1호  "
"3170000","1999317006704100003","00001","가스용품제조사업","(주)한국 지이","02 8625055","19991229","서울특별시 금천구 가산동  327번지 24호  대륭테크노타운1차 401-1호, 103호"
"3160000","1999316007104100054","00001","판매사업","유공가스","02 8673379","19991127","서울특별시 구로구 구로동  125번지 98호  "
"3000000","1999700000004100001","00001","충전사업","좋은가스1","222222222222","19991028",""
"3130000","1999700000004100002","00001","충전사업","좋은가스2","222222222222","19991028",""
"3130000","1999700000004100003","00001","충전사업","좋은가스3","222222222222","19991028",""
"3130000","1999700000004100001","00001","충전사업","좋은가스1","222222222222","19991028",""
"3000000","1999700000004100002","00001","충전사업","좋은가스2","222222222222","19991028",""
"3000000","1999700000004100003","00001","충전사업","좋은가스3","222222222222","19991028",""
"3040000","2000304007304100008","00001","판매사업","삼성가스상사","02 4564966","19991025","서울특별시 광진구 자양동  489번지 13호  "
"3160000","1999316011704100001","00001","가스용품제조사업","(주)코리아컨버션","","19990413","서울특별시 구로구 온수동  100번지 22호  "
"3150000","2001315007404170002","00001","판매사업","세종에이엠씨9주)","","19990408","서울특별시 강서구 화곡동  1013번지 14호  "
"3210000","1972321000004100002","00001","충전사업","(주)영동가스","025342350","19990310","서울특별시 서초구 잠원동  55번지 5호  "
"3030000","1998303000004100026","00001","가스용품제조사업","백산금속","024638818","19981028","서울특별시 성동구 성수동1가  656번지 334호  "
"3100000","1998310009604100001","00001","판매사업","린나이가스","","19980728","서울특별시 노원구 상계동  140번지 105호  "
"3110000","1997311011104100036","00001","판매사업","신성가스","02 3886601","19971113","서울특별시 은평구 진관동  557-9번지  "
"3150000","2001315007404100006","00001","충전사업","양천상사","","19970529","서울특별시 강서구 마곡동  22번지 4호  "
"3150000","1405315000004100001","00001","집단공급사업","(주)한국가스산업","026787698","19970422","서울특별시 강서구 화곡동  220번지 28호  홍진아파트"
"3150000","2001315007404170001","00001","판매사업","(주)삼원가스","","19970120","서울특별시 강서구 화곡동  1013번지 14호  "
"3150000","1997315000004100001","00001","가스용품제조사업","(주)삼원가스 앤 플랜트","02  26615566","19970120","서울특별시 강서구 내발산동  687번지  "
"3020000","1996302007404100001","00001","판매사업","우진특수기기","02 7139820","19961202","서울특별시 용산구 청파동1가  106-1번지  "
"3170000","1996317000004100002","00001","가스용품제조사업","태유산업사","02  804 2023","19961029","서울특별시 금천구 독산동  999번지 13호  "
"3030000","1996303007404104002","00001","충전사업","서울숲충전소","","19960120","서울특별시 성동구 성수동1가  656번지 1119호  "
"3110000","1995311008804100037","00001","판매사업","믿음가스","","19951218","서울특별시 은평구 갈현동  325번지 8호  "
"3080000","2001308007504100010","00001","판매사업","제삼가스","","19950929","서울특별시 강북구 미아동  122번지 30호  "
"3240000","2001324007304100075","00001","판매사업","양지가스상사","","19950415","서울특별시 강동구 성내동  509번지 4   호  "
"3210000","1982321007604100003","00001","판매사업","서초종합에너지","000234634040","19940527","서울특별시 서초구 방배동  882번지 25호  "
"3190000","1994319007204100010","00001","판매사업","대중가스","02 8235555","19940104","서울특별시 동작구 대방동  391번지 241호  "
"3030000","1993303007404104314","00001","판매사업","평화가스","","19930415","서울특별시 성동구 행당동  86번지 1호  "
"3020000","2000302007404100008","00001","판매사업","소망가스상사","","19930210","서울특별시 용산구 신계동  1번지 171호  "
"3120000","2001312007504100013","00001","판매사업","중앙가스","","19921104","서울특별시 서대문구 대신동  126번지 25호  "
"3200000","1992320008004110001","00001","판매사업","유진물산(주)","","19920721","서울특별시 관악구 신림동  475번지 41호  "
"3010000","1992301007104100033","00001","판매사업","안전가스상사","02 7755800","19920715","서울특별시 중구 회현동1가  114번지  "
"3100000","1992310010904100001","00001","판매사업","한국산소","02 9374234","19920327","서울특별시 노원구 상계동  389번지 665호  "
"3130000","2001313008004100019","00001","판매사업","24시가스","","19910307","서울특별시 마포구 노고산동  109번지 23호  "
"3210000","1991321007604100004","00001","판매사업","연합가스","025831388","19910306","서울특별시 서초구 서초동  1610번지 8호  "
"3130000","2001313008004100011","00001","판매사업","용산합동가스","","19910208","서울특별시 마포구 공덕동  29번지 15호  "
"3180000","2001318007604100039","00001","판매사업","영동가스상사","02  833 5544","19901226","서울특별시 영등포구 신길동  1810번지  "
"3210000","1973321007604100001","00001","충전사업","수도석유(주)","025824141","19900626","서울특별시 서초구 방배동  443번지 2호  , 24, 27호"
"3170000","2001317006704100019","00001","판매사업","남부가스상사","02 8952000","19891213","서울특별시 금천구 독산동  376번지 1호  "
"3170000","2001317006704100018","00001","판매사업","금천에너지","02  869 2000","19890624","서울특별시 금천구 가산동  4번지 6호  "
"3190000","1989319007204100009","00001","판매사업","세화가스","02 8177406","19890529","서울특별시 동작구 상도동  108번지 4호  "
"3160000","1989316007104100051","00001","판매사업","한샘가스","0226348682","19890411","서울특별시 구로구 신도림동  271번지 20호  "
"3140000","1989314007004101325","00001","판매사업","태아동진가스","","19890204","서울특별시 양천구 신월동  150번지 6호  "
"3030000","1988303007404104101","00001","집단공급사업","한국자동차매매센타","","19881124","서울특별시 동대문구 답십리동  542번지 1호  "
"3220000","2001322000004100071","00001","판매사업","한일가스","","19881122","서울특별시 강남구 개포동  201번지 8호  "
"3160000","1988316009304101550","00001","판매사업","엘지가스","26891231","19881024",""
"3220000","2001322000004100062","00001","판매사업","현대가스","","19880711","서울특별시 강남구 자곡동  446번지 2   호  "
"3080000","1988308007504100013","00001","판매사업","통일가스","","19880706","서울특별시 강북구 수유동  492번지 2호  "
"3240000","2001324007304100072","00001","판매사업","대성가스","","19880516","서울특별시 강동구 상일동  292번지 3   호  "
"3160000","1988316007104100049","00001","판매사업","(주)동일에너지","","19880516","서울특별시 구로구 고척동  250번지 159호  "
"3200000","1988320008004100059","00001","판매사업","관악종합가스","02 8716664","19880407","서울특별시 관악구 봉천동  635번지 382호  "
"3180000","2001318007604100019","00001","판매사업","영등포가스","0226796666","19880312","서울특별시 영등포구 양평동2가  36번지 26호  "
"3150000","1988315007404101415","00001","충전사업","대영가스","","19880307","서울특별시 강서구 마곡동  25번지 2  호  "
"3150000","2001315007404100005","00001","충전사업","대양가스","","19880307","서울특별시 강서구 마곡동  25번지 2호  "
"3160000","1988316007104100048","00001","판매사업","안전가스","02 6887121","19880216","서울특별시 구로구 항동  1번지  "
"3220000","2001322000004100023","00001","판매사업","강남종합가스","02  34113021","19880110","서울특별시 강남구 일원동  636번지 16호  "
"3180000","2001318007604100081","00001","판매사업","안전가스상사","","19870702","서울특별시 영등포구 신길동  70번지 25호  "
"3160000","1987316007104100046","00001","판매사업","동진가스","02 6886611","19870608","서울특별시 구로구 천왕동  101번지  "
"3170000","2001317006704100017","00001","판매사업","안전효성동원가스","02  867 3211","19870504","서울특별시 금천구 가산동  141번지 4호  "
"3180000","2002318007604100101","00001","충전사업","(주) 거봉한진","","19870410","서울특별시 영등포구 양평동2가  35번지 7호  "
"3140000","1987314007004100004","00001","충전사업","(주)남양가스","","19870221","서울특별시 양천구 신월동  998번지 4호  "
"3150000","2001315007404120030","00001","판매사업","팔팔가스","","19861227","서울특별시 강서구 화곡동  504번지 145호  "
"3240000","2001324007304100070","00002","판매사업","중앙가스","","19861208","서울특별시 강동구 강일동  402번지  "
"3230000","1986323007804100001","00001","충전사업","오금가스충전소","02 4025151","19861127","서울특별시 송파구 오금동  31번지 4호  "
"3100000","1986310009604100016","00001","충전사업","태능가스(주)","","19861127","서울특별시 노원구 공릉동  690번지 11호  "
"3050000","1986305008204108610","00001","판매사업","그린가스","02  22368163","19861125","서울특별시 동대문구 용두동  254번지 8호  "
"3230000","1986323007804100028","00001","판매사업","시민가스","","19861108","서울특별시 송파구 오금동  52번지 15호  "
"3230000","1986323007804100026","00001","판매사업","송파에너지","02 4068787","19861011","서울특별시 송파구 마천동  41번지 9호  "
"3140000","1986314007004100024","00001","판매사업","SK에너지","02 6988300","19860528","서울특별시 양천구 신월동  207번지 60호  "
"3090000","1984309000004100061","00001","판매사업","도봉가스","02   9911700","19840614","서울특별시 도봉구 도봉동  558번지 37호  "
"3090000","1984700000004100006","00001","판매사업","도봉가스","","19840614","서울특별시 도봉구 도봉동  558번지 37호  "
"3240000","1984324000004100049","00001","판매사업","현대가스","024411515","19840419","서울특별시 강동구 명일동  312번지 1호  "
"3050000","2001305008204100003","00001","충전사업","수도에너지(주) 동서울충전소","","19831106","서울특별시 동대문구 휘경동  267번지 10호  "
"3140000","1983314007004101321","00001","판매사업","원일가스","","19830829","서울특별시 양천구 신월동  610번지 10호  "
"3030000","1983303007404104313","00001","판매사업","지구안전가스","","19830715","서울특별시 성동구 금호동3가  1351번지 149호  "
"3160000","1983316007104100043","00001","판매사업","동네가스상사","","19830706","서울특별시 구로구 오류동  172번지 67호  "
"3130000","2001313008004100017","00001","판매사업","태성중앙가스","","19830701","서울특별시 마포구 구수동  57번지 9호  "
"3140000","1983314007004100007","00001","판매사업","국제종합가스","000226909033","19830620","서울특별시 양천구 신월동  133번지 7호  "
"3050000","2001305008204100005","00001","충전사업","장안동가스충전소","0222145151","19830531","서울특별시 동대문구 장안동  413번지 6호  "
"3160000","1983316007104100032","00001","가스용품제조사업","명화가스","0226120220","19830519","서울특별시 구로구 개봉동  368번지 19호  "
"3220000","1983322008304100001","00001","충전사업","(주)진양가스","0234636811","19830416","서울특별시 강남구 도곡동  552번지 5호  "
"3220000","2001322000004100053","00002","판매사업","쌍용가스","","19830413","서울특별시 강남구 역삼동  706번지 18  호  "
"3220000","2001322000004100053","00001","판매사업","쌍용가스","","19830413","서울특별시 강남구 역삼동  706번지 18  호  "
"3130000","2001313008004100016","00001","판매사업","상암가스","","19830317","서울특별시 마포구 상암동  16번지 3호  "
"3200000","1983320008004100054","00001","판매사업","한국가스","02 8829700","19830316","서울특별시 관악구 신림동  892번지 30호  "
"3230000","1983323007804100017","00001","판매사업","신대성가스","","19830217","서울특별시 송파구 잠실동  240번지 15호  "
"3240000","1983324010604100055","00001","충전사업","경기에너지","","19830118","서울특별시 강동구 성내동  19번지 1호  LPG 충전소"
"3210000","1983321007604100001","00001","판매사업","(주)반포에너지","02 5477428","19830115","서울특별시 서초구 반포동  742번지 14호  "
"3070000","1983307000004100001","00001","충전사업","(주)장위가스","000209163234","19830106","서울특별시 성북구 장위동  44번지 3호  "
"3150000","2001315007404120023","00001","판매사업","상원가스","","19830104","서울특별시 강서구 방화동  553번지 22  호  "
"3020000","2000302007404100007","00001","판매사업","원효가스","02 7120481","19821231","서울특별시 용산구 산천동  93번지 1호  "
"3170000","2001317006704100014","00001","판매사업","현대한국가스","02 8532205","19821223","서울특별시 금천구 독산동  336-1번지  "
"3030000","1982303007404104312","00001","판매사업","안전가스","","19821123","서울특별시 성동구 금호동1가  618번지 3호  "
"3230000","1982323007804100054","00001","충전사업","복지잠실충전소","","19821122","서울특별시 송파구 잠실동  336번지 9호  "
"3200000","1982320008004100043","00001","충전사업","케이와이에너지(주)","","19821106","서울특별시 관악구 신림동  112번지 46호  "
"3190000","1982319007204100007","00001","판매사업","우리강남가스","02 8223334","19821102","서울특별시 동작구 상도동  204번지 15호  "
"3190000","2001319007204100029","00001","판매사업","우리가스","","19821102","서울특별시 동작구 상도동  204-15번지  "
"3140000","1982314007004101319","00001","판매사업","동방가스","0226477494","19821026","서울특별시 양천구 목동  128번지 42호  "
"3240000","2001324007304100033","00004","판매사업","동양가스","","19820908","서울특별시 강동구 천호동  450번지 23호  "
"3240000","0111324000004101119","00001","판매사업","현대동남동방가스","","19820908","서울특별시 강동구 천호동  450번지 23호  "
"3170000","2001317006704100012","00001","판매사업","현대가스","02 8043211","19820830","서울특별시 금천구 독산동  331번지 56호  "
"3060000","2001306007504100827","00001","판매사업","영진가스","02 4927800","19820830","서울특별시 중랑구 신내동  412번지 5호  "
"3140000","1982314007004100012","00001","판매사업","서울화남가스","","19820828","서울특별시 양천구 신정동  980번지 10호  "
"3200000","1982320008004100004","00001","판매사업","대우가스","02 8657900","19820813","서울특별시 관악구 신림동  491번지 32호  "
"3150000","2001315007404200018","00001","판매사업","동서가스","","19820802","서울특별시 강서구 화곡동  1013번지 14  호  "
"3190000","1982319007204100006","00001","판매사업","동아가스","02 8159100","19820730","서울특별시 동작구 노량진동  215번지 119호  "
"3160000","1982316009304100001","00001","판매사업","(주)신광조리기기","0211111111","19820526","서울특별시 구로구 온수동  100번지 90호  "
"3160000","1982316007104100040","00001","판매사업","신신가스","","19820522","서울특별시 구로구 구로동  529번지 3호  "
"3060000","1982306007504108208","00001","충전사업","망우충전소","02 4325400","19820428","서울특별시 중랑구 망우동  340번지 16호  "
"3150000","1982315007404200003","00001","충전사업","경서에너지 공항로충전소","","19820326","서울특별시 강서구 등촌동  534번지 12호  "
"3150000","2001315007404100003","00001","충전사업","승일충전소 정안유통(","","19820326",""
"3230000","1982323007804100053","00001","충전사업","홍익에너지(주)","","19820326","서울특별시 송파구 석촌동  183번지 1호  "
"3150000","2001315007404100004","00001","충전사업","대흥상공(주)","","19820326","서울특별시 강서구 화곡동  898번지 3호  "
"3030000","1982303007404104309","00001","판매사업","만나가스상사","0222934121","19820320","서울특별시 성동구 행당동  128번지 16호  "
"3180000","1982318076 04100003","00001","충전사업","(주)세지","","19820305","서울특별시 영등포구 문래동6가  1-3번지  "
"3100000","1982310009604100042","00001","판매사업","노원가스","02 9300046","19820305","서울특별시 노원구 중계동  61번지 4호  "
"3050000","2001305008204100002","00001","충전사업","복지장안충전소","02  22135711","19820305","서울특별시 동대문구 답십리동  1번지 478호  "
"3060000","1982306007504100009","00001","충전사업","황금충전소","","19820305","서울특별시 중랑구 중화동  208번지 11호  "
"3220000","2006322008304100004","00001","충전사업","(주)상현상사","02  547 6814","19820305","서울특별시 강남구 논현동  207번지  "
"3170000","1982317006704100001","00001","충전사업","중앙에너비스(주)삼중가스지점","02  804 0280","19820304","서울특별시 금천구 독산동  1059번지  "
"3030000","1982303007404104308","00001","판매사업","LG가스","","19820223","서울특별시 성동구 용답동  158번지 3호  "
"3130000","2001313008004100014","00001","판매사업","태성가스","","19820208","서울특별시 마포구 상수동  27번지  "
"3160000","1982316007104100039","00001","판매사업","신성가스","0226127703","19820204","서울특별시 구로구 개봉동  139번지 118호  "
"3090000","2006309000004100002","00001","충전사업","한영가스충전소","02   9941181","19811118","서울특별시 도봉구 쌍문동  715번지 1호  "
"3090000","1981309008704100001","00001","충전사업","복지강북충전소","02  902 1231","19811118","서울특별시 도봉구 창동  643번지 2호  "
"3220000","2006322008304100007","00001","충전사업","(주)진양가스","02  34636811","19811118","서울특별시 강남구 도곡동  552번지 5호  "
"3090000","1981309000004100038","00001","판매사업","현대가스","070 86450715","19811019","서울특별시 도봉구 창동  596번지 21호  "
"3130000","1981313000004100001","00001","판매사업","삼화가스","000207174455","19810923","서울특별시 마포구 대흥동  322번지 2호  "
"3020000","2000302007404100006","00001","판매사업","동방가스","","19810814","서울특별시 용산구 이태원동  36번지 16호  "
"3070000","2001307009904100022","00001","판매사업","형선가스","","19810803",""
"3130000","2001313008004100012","00001","판매사업","서울가스","","19810724","서울특별시 마포구 합정동  359번지 35호  "
"3160000","1981316007104100037","00001","판매사업","삼표가스","","19810707","서울특별시 구로구 고척동  193번지 7호  "
"3200000","1981320008004100040","00001","판매사업","태양가스","02 8632300","19810622","서울특별시 관악구 신림동  1634번지 13호  "
"3180000","2001318007604100072","00001","판매사업","동진가스상사","8477336","19810602","서울특별시 영등포구 신길동  404번지 42호  "
"3200000","1981320008004100048","00001","판매사업","중앙가스","","19810523","서울특별시 관악구 봉천동  1538번지 8호  "
"3170000","2001317006704100011","00001","판매사업","우진가스","02  803 4568","19810515","서울특별시 금천구 시흥동  253번지 18호  "
"3190000","1981319007204100005","00001","판매사업","사당가스","02 5831743","19810508","서울특별시 동작구 사당동  1001번지 37호  "
"3200000","1981320008004100046","00001","판매사업","고려가스","02 8540025","19810502","서울특별시 관악구 신림동  660번지 9호  "
"3140000","1981314007004100010","00001","판매사업","우영가스","","19810430","서울특별시 양천구 신월동  427번지 7호  "
"3130000","2001313008004100002","00001","판매사업","영풍가스","","19810427","서울특별시 마포구 망원동  439번지 15호  "
"3160000","1981316007104100036","00001","판매사업","국제가스","","19810423","서울특별시 구로구 고척동  98번지 99호  "
"3070000","1981307009904100018","00001","판매사업","양심유공가스","3153000","19810420","서울특별시 성북구 장위동  237번지 292호  "
"3170000","2001317006704100010","00001","판매사업","한양쌍용가스","02 8036907","19810419","서울특별시 금천구 시흥동  936번지 14호  "
"3140000","1981314007004100009","00001","판매사업","현대가스","","19810410","서울특별시 양천구 신정동  1047번지 15호  "
"3170000","2001317006704100009","00001","판매사업","효성가스","02 8620101","19810407","서울특별시 금천구 독산동  179번지 10호  "
"3180000","2001318007604100070","00001","판매사업","세기가스상사","","19810331","서울특별시 영등포구 신길동  4575번지  "
"3030000","1981303007404104304","00001","판매사업","성동가스","","19810324","서울특별시 성동구 성수동1가  273번지  "
"3110000","1981311009904200016","00001","판매사업","흥국가스","02 3541126","19810221","서울특별시 은평구 녹번동  155번지 30호  "
"3160000","1990316000004100015","00001","판매사업","제일가스","","19810221","서울특별시 구로구 온수동  62번지 17호  "
"3160000","1981316007104100030","00001","판매사업","구로대성가스","02 8665858","19810202","서울특별시 구로구 구로동  29번지 2호  "
"3130000","2001313008004100010","00001","판매사업","금성가스","","19810124","서울특별시 마포구 성산동  277번지 29호  "
"3130000","1981313000004100006","00001","판매사업","삼일금성가스","333 0031","19810124","서울특별시 마포구 성산동  277번지 3호  "
"3160000","1981316007104100009","00001","판매사업","24시가스","","19810119","서울특별시 구로구 가리봉동  124번지 46호  "
"3170000","2001317006704100007","00001","판매사업","남서울가스","02  804 3588","19810119","서울특별시 금천구 독산동  1060번지 22호  "
"3100000","1981310009604100021","00001","판매사업","노원에너지","","19810113","서울특별시 노원구 공릉동  380번지 17호  "
"3240000","2001324007304100019","00001","판매사업","강동동방가스","","19810109","서울특별시 강동구 천호동  145번지 47 호  "
"3240000","2001324007304100018","00001","판매사업","동방가스","","19810109","서울특별시 강동구 암사동  469번지 17호  "
"3090000","1980700000004100003","00001","판매사업","쌍문가스","","19801230","서울특별시 도봉구 쌍문동  75번지 3호  "
"3190000","1980319007204100001","00001","충전사업","동일석유(주)동주충전소","","19800828","서울특별시 동작구 대방동  334번지  "
"3040000","2000304007304100006","00001","판매사업","광진가스","024622100","19800604","서울특별시 광진구 화양동  31번지 3호  "
"3040000","2000304007304100005","00001","판매사업","SK가스","024585000","19800520","서울특별시 광진구 구의동  71번지 6호  "
"3200000","1980320008004100041","00001","판매사업","신신가스","02 8779053","19800516","서울특별시 관악구 신림동  1559번지 4호  "
"3170000","2001317006704100016","00001","판매사업","쌍용가스","02  803 7705","19800513","서울특별시 금천구 시흥동  964번지 5호  "
"3170000","2001317006704100006","00001","판매사업","흥국동양남부가스","02  854 8766","19800513","서울특별시 금천구 독산동  1022번지 10호  "
"3030000","1980303000004100001","00001","가스용품제조사업","(주)대륭","02  34073000","19800328",""
"3200000","1980320008004101842","00001","충전사업","명화가스(주)","","19800205","서울특별시 관악구 봉천동  1594번지 8호  "
"3170000","2001317006704100005","00001","판매사업","태우가스","02   8542400","19791213","서울특별시 금천구 독산동  962번지 25호  "
"3160000","1979316007104100003","00001","충전사업","개봉충전소","","19791130","서울특별시 구로구 개봉동  175번지 16호  "
"3220000","2006322008304100006","00001","충전사업","남서울가스(주)","02  34114411","19791127","서울특별시 강남구 대치동  21번지 1호  "
"3240000","1979324010604100002","00001","충전사업","암사충전소","","19791117",""
"3240000","1979324011904100002","00001","충전사업","비자인터내셔날(주) 암사충전소","","19791108","서울특별시 강동구 암사동  503번지 30호  GS칼텍스"
"3020000","2000302007404100004","00001","판매사업","삼표용산가스","","19791016","서울특별시 용산구 원효로3가  49번지 10호  "
"3160000","1979316007104100026","00001","충전사업","삼영가스","0226120036","19790622","서울특별시 구로구 개봉동  325번지 18호  "
"3160000","1979316007104100024","00001","판매사업","상일가스","","19790614","서울특별시 구로구 구로동  153번지 6호  "
"3130000","2001313008004100007","00001","판매사업","대성가스","","19790522","서울특별시 마포구 성산동  240번지 5호  "
"3200000","1979320008004100037","00001","판매사업","유공가스","02 8783636","19790508","서울특별시 관악구 신림동  1459번지 27호  "
"3180000","2001318007604100007","00001","판매사업","대성종합가스","02 6766554","19790507","서울특별시 영등포구 문래동4가  10번지 14호  "
"3190000","1979319007204100008","00001","판매사업","동남가스","","19790428","서울특별시 동작구 상도동  261번지 10호  "
"3170000","2001317006704100004","00001","판매사업","대한대성가스","02   8029977","19790428","서울특별시 금천구 시흥동  802번지 14호  "
"3170000","2001317006704100003","00001","판매사업","동양가스","02  807 4411","19790421","서울특별시 금천구 시흥동  895번지 4호  "
"3180000","1983318007604100036","00001","판매사업","삼성가스상사","26712355","19790403","서울특별시 영등포구 당산동3가  396번지 12호  "
"3120000","2001312007504100004","00001","판매사업","태아가스","02  334 2332","19790206","서울특별시 서대문구 창천동  67번지 14호  "
"3110000","1978311008804100007","00001","판매사업","제일가스","02 3544800","19781129","서울특별시 은평구 대조동  179번지 8호  "
"3010000","1978301007104100020","00001","판매사업","동아가스","0222521885","19781122","서울특별시 중구 신당동  377번지 92호  "
"3220000","2001322000004100005","00001","판매사업","sk 가스","","19780915","서울특별시 강남구 논현동  243번지 5호  "
"3160000","1978316007104100022","00001","판매사업","금강가스","02  26198484","19780908","서울특별시 구로구 개봉동  279번지 6호  "
"3170000","2001317006704100002","00001","판매사업","영진가스","02   8670018","19780908","서울특별시 금천구 독산동  297번지 2호  "
"3110000","2002311008804100012","00001","판매사업","대성가스","","19780829","서울특별시 은평구 갈현동  503번지 27호  "
"3110000","1978311008804100005","00001","판매사업","일신가스","","19780731","서울특별시 은평구 불광동  523번지  "
"3200000","1978320008004100032","00001","판매사업","동양가스","02 8771011","19780617","서울특별시 관악구 봉천동  1565번지 6호  "
"3200000","1978320008004100031","00001","판매사업","난곡가스","02 8553355","19780610","서울특별시 관악구 신림동  613번지 9호  "
"3240000","1978324000004100000","00001","판매사업","동부삼성가스","000234276565","19780507","서울특별시 강동구 암사동  511번지 3호  "
"3220000","2001322000004100012","00001","판매사업","대한가스","02  547 1644","19780303","서울특별시 강남구 논현동  233번지 12호  "
"3170000","2001317006704100001","00001","판매사업","동방가스","02  807 6644","19780204","서울특별시 금천구 시흥동  992번지 21호  "
"3140000","1977314007004100138","00001","판매사업","동아가스","","19771019","서울특별시 양천구 신정동  296번지 121호  "
"3150000","2001315007404120006","00001","판매사업","흥국가스","","19770923","서울특별시 강서구 화곡동  373번지 6호  "
"3140000","1977314007004100002","00001","판매사업","대성가스","","19770901","서울특별시 양천구 목동  530번지 9호  "
"3140000","1977314007004100004","00001","판매사업","유공형제가스","","19770720","서울특별시 양천구 신정동  916번지 9호  "
"3140000","1977314007004100008","00001","판매사업","화남가스","","19770205","서울특별시 양천구 목동  406번지 274호  "
"3000000","1977300007604100002","00001","판매사업","자문가스","02 3966921","19770107","서울특별시 종로구 부암동  158번지  "
"3120000","2001312007504100008","00001","판매사업","동양가스","023022222","19761218","서울특별시 서대문구 남가좌동  268번지 30호  "
"3000000","1976300007604100005","00001","판매사업","대한가스","02 7621360","19761211","서울특별시 종로구 혜화동  110번지 4호  "
"3070000","2001307009904100012","00001","판매사업","성북제일가스","","19761208","서울특별시 성북구 보문동1가  40번지  "
"3120000","2001312007504100003","00001","판매사업","삼표제일가스","02  362 5959","19761204","서울특별시 서대문구 창천동  5번지 72호  "
"3160000","1976316007104100020","00001","판매사업","동원가스","02 6818282","19761201","서울특별시 구로구 오류동  31번지 7호  "
"3020000","2000302007404100000","00001","판매사업","용산합동가스","","19761122","서울특별시 용산구 원효로1가  115번지 2호  "
"3190000","1976319007204100002","00001","판매사업","명수가스","02 8150397","19761104","서울특별시 동작구 흑석동  143번지 24호  "
"3190000","1976319007204100004","00001","판매사업","명수가스","02 8318181","19761104","서울특별시 동작구 신대방동  687번지 15호  "
"3000000","1976300007604100030","00001","판매사업","태아가스","","19761104","서울특별시 종로구 원남동  95번지  "
"3200000","1976320000004100006","00001","판매사업","남부가스","02 8562003","19760326","서울특별시 관악구 신림동   1596-14"
"3130000","2001313008004100001","00001","판매사업","서울가스","","19750521","서울특별시 마포구 망원동  399번지 38호  "
"3130000","2001313008004100006","00001","판매사업","삼일가스","","19750509","서울특별시 마포구 동교동  204번지 6호  "
"3130000","2001313008004100005","00001","판매사업","신대양가스","02  717 7373","19750201","서울특별시 마포구 공덕동  255번지 23호  "
"3120000","2001312007504100001","00001","충전사업","연일가스산업(주)","02  307 5411","19740311","서울특별시 서대문구 북가좌동  392번지 27호  "
"3040000","2000304007304100003","00001","충전사업","한양에너지(주)","024678341","19740311","서울특별시 광진구 중곡동  237번지 8호  "
"3160000","1974316007104100002","00001","충전사업","동일석유(주)남부충전","02  830 0341","19740311","서울특별시 강남구 대치동  50번지 8호  "
"3080000","2001308007504110003","00001","충전사업","(주)청학에너지","02  980 1163","19740311","서울특별시 강북구 번동  267번지  "
"3060000","1974306007504100001","00001","충전사업","풍림에너지","","19740311","서울특별시 중랑구 면목동  169번지 6   호  "
"3180000","1974318007604100088","00001","충전사업","기린에너지","","19740311","서울특별시 영등포구 양평동4가  158번지  "
"3040000","2000304007304100001","00001","충전사업","(주)해양가스","024442441","19740311","서울특별시 광진구 자양동  628번지 19호  "
"3070000","1974307000004100012","00001","충전사업","우일에너지(주)","02  913 8722","19740223","서울특별시 성북구 하월곡동  88번지 681호  "
"3080000","1974308007504110001","00001","충전사업","국제가스공업(주)","","19740223","서울특별시 강북구 수유동  48번지 23호  "
"3160000","1973316007104100001","00001","충전사업","한일가스산업(주)","02  26752616","19730724","서울특별시 구로구 구로동  600번지 6호  "
"3180000","2002318007604100001","00001","충전사업","양평동충전소","","19730614","서울특별시 영등포구 양평동3가  59번지  "
"3030000","1972303007404104302","00001","판매사업","고려가스상사","","19720428","서울특별시 성동구 홍익동  77번지  "
"3090000","1970309008704100006","00001","충전사업","주식회사 행복에너지","02  34916671","19701120","서울특별시 도봉구 방학동  707번지 2호  "
"3080000","1970308007504100001","00001","충전사업","서울와사공업(주)","02   9021112","19701120","서울특별시 강북구 번동  446번지 31호  "
"3160000","1970316007104100004","00001","충전사업","대성산업(주)오류동충전소","0226120039","19700224","서울특별시 구로구 오류동  74번지 8호  오류가스충전소"
"3150000","2001315007404100001","00001","충전사업","공항충전소","02 6615161","19691230","서울특별시 강서구 외발산동  142번지 1호  "